account_id,customer_id,account_type,status,base_currency,opened_at
2b952a1f-ee4f-41dd-b3b2-e3e2b5baf77f,39632276-9a5f-4424-9b1b-560e3311ce8e,WALLET,ACTIVE,INR,2025-12-30T14:49:06Z
eca109bb-0b08-4322-9373-7977963d7288,3e746a5b-a81e-43b2-9e6a-1556fae67ab1,CHECKING,ACTIVE,AED,2025-05-31T15:19:04Z
e25d57b8-80bc-49ae-a072-3df5484410ea,360fa126-ff1f-4d6b-8812-07bb69abff3a,WALLET,ACTIVE,EUR,2025-02-07T02:23:08Z
f8d183a8-39b7-4b81-9ec3-f797cdb53f59,376c0791-ad25-4e40-ba52-b806c3630305,CHECKING,ACTIVE,GBP,2025-05-25T12:14:35Z
c24fc295-adb5-42be-8fc3-549b66819679,bc3d8bfa-b8ac-4b03-ab0d-b612c2677cb6,CHECKING,ACTIVE,AED,2025-08-30T09:04:16Z
da7561dd-f0da-40ff-8a40-c1cd90031fda,c49fc3ed-7ee0-468d-8dd9-1bc782de7363,CHECKING,ACTIVE,INR,2025-05-30T06:03:48Z
5e764c0a-875f-4423-865f-d6a4e48355da,3b4c781e-a36d-4fb7-af3f-20df9c210e4d,CHECKING,ACTIVE,AED,2025-01-21T16:58:28Z
e412947e-98de-451f-beac-267209c22949,eeb8a250-6145-4132-ab06-76c022fbe09a,WALLET,ACTIVE,USD,2025-04-26T19:45:59Z
e57bccad-c056-43d1-918f-c1617893d3d5,44b01a10-df29-4f78-8435-a5d7c0292611,CHECKING,ACTIVE,GBP,2025-09-21T04:44:07Z
4b607392-fefc-4521-9aba-ca327ca545dc,83d4ef72-a326-4ec9-817d-d31232bfbc07,CHECKING,ACTIVE,SGD,2025-09-19T06:19:07Z
32c49e50-693c-4085-8472-675941a8fb4d,068474b5-990a-4b32-882a-2fa58b2f2b73,CREDIT,ACTIVE,INR,2025-04-09T11:09:24Z
9a97d04a-8d63-4325-86a8-a31f67059c81,8b9289ae-8766-4e77-afd3-56064c796814,CHECKING,ACTIVE,INR,2025-01-16T16:56:51Z
b6a309a2-aff4-4138-9657-86271508451b,11578513-6aa7-4202-9a2c-d59ef9262cf4,WALLET,ACTIVE,AED,2025-02-21T10:41:50Z
5ec97763-58be-437d-b270-c4d045950191,2fdeed9f-e218-42f1-a9a0-8a06f8728d9e,CREDIT,ACTIVE,USD,2025-12-01T23:09:18Z
a68112a7-2671-4946-8787-2ed39b7a5185,0f1114b5-d5f5-4127-b2c1-89fc52158c3b,WALLET,ACTIVE,SGD,2025-01-21T10:49:09Z
063203f9-2ec0-4d38-99d4-f61488153c40,3f6fcf3b-27bb-4bc2-97c9-af415f099e78,CREDIT,ACTIVE,EUR,2025-06-10T04:26:58Z
488a2328-2e8c-44a4-aa8f-f1a183011cc4,71b0557f-8843-4cb6-bc97-60e78456fdca,CHECKING,ACTIVE,USD,2025-10-09T18:55:55Z
8109e086-6cf5-45fe-adb8-9ae8aff16468,2f0de4d7-9e86-434b-bc31-fa2f8ab8d76e,CHECKING,ACTIVE,AED,2025-02-07T03:10:33Z
25a5c6ba-8b71-4594-b1c2-9e2995e664fe,fa3788ff-47ed-43c6-a6cd-3ff964169e37,CREDIT,ACTIVE,INR,2025-01-25T00:22:54Z
9e517e76-e67a-4ea2-9715-2330fc3169e7,d03823cd-35af-464a-a163-59e1e3c14648,CHECKING,ACTIVE,INR,2025-02-03T19:04:57Z
be791e4b-ad55-4727-ab1a-bc63ea60265a,0f40c860-c97d-4641-aca8-bbec3c743254,CREDIT,ACTIVE,AED,2025-01-06T09:56:40Z
7722ffaf-1d66-4cf1-8425-f0f2f6f4dc04,6cd08875-0abc-41d5-9a24-4aedb80b0a19,WALLET,ACTIVE,AED,2025-04-30T23:32:29Z
e65dd7e2-ef11-424f-a62c-c8405485ef7b,97410089-000d-489a-b29f-e2c6ec7a8ac4,WALLET,ACTIVE,INR,2025-07-31T11:58:37Z
9364b6ee-054e-44b5-ba82-aec31e49bf48,7a47521e-9771-4500-975d-9351a90fac00,WALLET,ACTIVE,EUR,2025-01-29T10:26:38Z
504c60e1-c7b5-48be-81b4-e8275b565f5e,c1a0a22d-f53c-4929-9959-fb2a29b2a55c,CREDIT,ACTIVE,GBP,2025-11-19T03:05:01Z
c85e591e-7eed-4d23-97a3-b8d1b49e6046,bc79939b-0c65-49ef-a87b-14e1df6b6fab,CHECKING,ACTIVE,SGD,2025-07-09T00:35:13Z
5d2daf80-3137-4692-a674-511b4957dbfa,eeb8a250-6145-4132-ab06-76c022fbe09a,CHECKING,ACTIVE,GBP,2025-11-25T23:45:25Z
ada58630-093d-45fc-bbb4-6ad1a6e987b0,fd11d95b-60ba-48a5-9f9a-0f0b600da389,CHECKING,ACTIVE,INR,2025-09-04T16:52:47Z
9c5f5106-ae90-452b-bbc7-85f3149953f4,9f33f760-c617-4744-ad7f-58d7cbd295bd,CHECKING,ACTIVE,EUR,2025-06-09T04:10:42Z
28f06989-e7eb-44a8-8dff-8f8c83fa82b4,8b94bb65-066a-4ee4-9ad3-0e252ff97fd0,WALLET,ACTIVE,AED,2025-11-16T03:40:09Z
94d5b7cc-3563-436d-8850-695ee90dcb51,068474b5-990a-4b32-882a-2fa58b2f2b73,CHECKING,ACTIVE,USD,2025-09-14T04:18:50Z
f5b8cedc-c705-4c3b-8ef9-d0102e50b0f1,0f1114b5-d5f5-4127-b2c1-89fc52158c3b,WALLET,ACTIVE,USD,2025-11-03T03:25:49Z
4696b394-9cd0-480d-9b7b-1f698f8d7268,8e8fcbba-7b6e-4c4b-9f12-0d398a22669f,WALLET,ACTIVE,SGD,2025-05-04T05:41:14Z
bb48b7a4-90a7-4d62-a980-9f6e74d95350,42d3214a-19f7-4c82-8d13-aabe581c227e,WALLET,ACTIVE,EUR,2025-01-08T05:44:57Z
86e52468-9b27-4143-bb85-6a9ad10a23ce,fa3788ff-47ed-43c6-a6cd-3ff964169e37,CHECKING,ACTIVE,GBP,2025-12-29T17:48:04Z
1232fe1a-0f86-4c94-8e72-e80d00ba5ecb,884f70fa-ae0e-43f7-a501-6c8d7c4da1de,WALLET,SUSPENDED,GBP,2025-08-03T06:40:54Z
9f4e22c5-a193-4608-b874-7c12d85f9ee6,4e1ef2d1-b866-4614-aa47-b7ea9ae11e84,CHECKING,ACTIVE,AED,2025-11-24T17:04:02Z
148856fd-32be-4a6b-9c9b-bddb8452ff79,ec90c6b1-29e7-4921-9428-5411dbdddf36,CREDIT,ACTIVE,AED,2025-02-23T21:58:10Z
0f1347eb-3367-4853-8211-23bc111d9d94,97410089-000d-489a-b29f-e2c6ec7a8ac4,CHECKING,ACTIVE,INR,2025-11-14T05:02:54Z
27d0106b-c699-4801-bcba-a6d098712a7d,805683fd-a2cb-43c8-97ee-44d89058f026,WALLET,ACTIVE,AED,2025-09-14T08:30:30Z
4735feae-62b5-4af2-aa2d-1c99a0a24e1c,f3273d70-099a-4e9a-b627-ffd78dce2e6d,WALLET,ACTIVE,INR,2025-06-28T11:12:46Z
92cb0d89-2398-430d-9c72-7abbb636f459,c2795436-537f-41fb-b604-ebcd6e8ee8ca,WALLET,ACTIVE,INR,2025-09-16T13:17:38Z
811be67d-1e5d-46d5-adfa-ce393b058134,80ce9f4f-9f08-4756-98ec-53ca556d0547,WALLET,ACTIVE,GBP,2025-08-06T12:58:34Z
4aadf633-11c7-4f26-96d9-6e8070c3749c,98481089-1b64-4bc4-afcb-0163bae372f1,WALLET,ACTIVE,GBP,2025-08-15T05:12:04Z
9f704577-6196-432b-8d5e-bec954bf6c28,4e026ce7-0a4a-4fc4-b670-3e2dd0192a8d,CHECKING,ACTIVE,EUR,2025-11-02T11:35:31Z
f88ef354-01e5-4c78-b216-f6d3ed35057c,a76a07be-7d7e-4ffb-b8f8-3ed5f14fe3e2,CHECKING,ACTIVE,USD,2025-02-10T20:27:04Z
0e90eb49-6012-449b-a7a5-1f34a67bbba1,a76a07be-7d7e-4ffb-b8f8-3ed5f14fe3e2,WALLET,ACTIVE,USD,2025-03-28T02:44:21Z
bdcab7db-1a5e-4738-ba68-1c7b5b3e75bc,08b2188c-0a7a-4c30-817f-ac789e6bf66e,CHECKING,ACTIVE,SGD,2025-09-26T06:20:36Z
010533e4-d262-4b7b-b0e0-6888d2b49820,11ff80ba-e8f4-4d67-b2c6-6a1462a2f917,WALLET,ACTIVE,INR,2025-03-29T01:22:01Z
23489334-cea2-4a2b-a97d-33882824a7ac,965b9abc-eb2a-4a56-b721-0400822c115b,WALLET,ACTIVE,AED,2025-01-14T01:55:43Z
d9644256-f1b9-42e8-8364-ef591697aece,44b01a10-df29-4f78-8435-a5d7c0292611,CHECKING,ACTIVE,EUR,2025-05-12T00:52:26Z
ce284b39-be1f-441b-aebd-06d9bb69de61,b45bfcda-d8bb-4c87-920b-70d1970287d5,WALLET,ACTIVE,AED,2025-05-31T19:58:36Z
1da1c60c-0a85-474e-9e75-c914bed43817,2932298a-eec3-4348-b6a0-fd862d2dc4db,CHECKING,ACTIVE,AED,2025-07-27T03:10:27Z
4ed61b05-595f-441d-a373-43ba095f1f92,2c168e04-adaf-47e4-9af5-862567c5b690,WALLET,ACTIVE,USD,2025-12-15T12:02:39Z
bbadbe4c-f78e-42c9-a476-569a8d89e424,37e40f7e-875c-4700-9cee-256c6204822c,WALLET,ACTIVE,SGD,2025-12-05T05:30:59Z
9763f1aa-6584-4370-a019-e536a7dc7776,4fc2b255-c671-4375-aa7d-4522b52f4b89,WALLET,ACTIVE,AED,2025-05-31T02:41:34Z
833541b5-af79-4b6c-832d-bfda12ca523b,52f8a3a8-cd6c-4e02-a7fc-f05a557d0847,CREDIT,ACTIVE,SGD,2025-01-18T09:32:39Z
84be1cab-c5ec-4ccf-9742-eaf2f19989b9,0f3d2755-3de9-4389-8f5e-fb426adf54af,WALLET,ACTIVE,INR,2025-10-14T06:19:45Z
a4fa55c6-21f9-4eb8-80aa-c35263cfd32f,bc79939b-0c65-49ef-a87b-14e1df6b6fab,WALLET,ACTIVE,AED,2025-09-15T18:06:50Z
b5c356f7-934d-4b4c-ac39-916bff617f78,b636c635-3b3d-447d-8b15-7dc4a8454344,CHECKING,ACTIVE,USD,2025-01-24T19:12:35Z
03195a3f-4910-4171-b551-6f1af9440194,6be8ec69-9c40-4e0a-a99d-6a5d78cbcec3,WALLET,ACTIVE,AED,2025-12-23T13:36:39Z
80766e60-0627-4e42-ab17-0943bba49727,36b9f99a-4a15-48c8-9bd7-b9797c3c0f40,CHECKING,ACTIVE,GBP,2025-09-28T21:48:51Z
29143b88-598d-4e9e-be7e-4c24c2d11544,376c0791-ad25-4e40-ba52-b806c3630305,WALLET,ACTIVE,GBP,2025-10-19T20:34:14Z
7f5082b4-be2f-4100-9ec9-661fcf336d26,c170f479-ebd9-4f22-abbe-ac1cbb887db0,WALLET,ACTIVE,USD,2025-01-24T14:23:24Z
8bab0f46-b593-4759-9b5e-077d073ff28c,7628eec7-1a15-4d3a-8a8b-53dd77f7f1b7,WALLET,ACTIVE,USD,2025-02-02T01:07:51Z
016e1e96-7c15-46b4-9275-2a7ccb6c4d18,e2771317-6b5d-4f82-84ea-f20b66877da0,WALLET,SUSPENDED,SGD,2025-10-09T05:55:58Z
290d91e7-bdf4-48a2-8590-002c55354722,47d27e76-8414-44a6-b673-63fda627caeb,WALLET,ACTIVE,AED,2025-05-22T06:32:05Z
a3eb0b38-daa5-4d06-8329-bc909a60e8fb,459dcafe-6e77-4054-b3f3-3156e756ed2d,CHECKING,ACTIVE,EUR,2025-06-30T00:09:36Z
765359eb-ee2c-4673-be75-033909684c96,3b90757b-5364-4dcd-8f4e-ab1d3f4f5793,WALLET,ACTIVE,SGD,2025-05-15T13:44:13Z
f883f460-3038-40e4-ba7c-cd45321dffc3,93562c12-4cc1-48a4-95ca-e285fd560184,CHECKING,SUSPENDED,GBP,2025-02-02T01:47:52Z
e17e853a-cf77-402d-9189-4e8f3592524d,2a8b2447-3523-494d-acef-7ea50c4ea874,WALLET,ACTIVE,GBP,2025-10-16T01:45:10Z
247d1d4e-a721-4c98-b75f-c7c6fcb577aa,35cfdf66-d424-4d2d-a8b5-8108e06860f2,CHECKING,ACTIVE,AED,2025-06-23T09:32:11Z
a4a1dee6-33d1-4c1d-9786-e751b3dd547f,019b337d-4ad2-4303-9491-f968a3e42788,WALLET,ACTIVE,AED,2025-05-15T13:19:29Z
5923ae6e-769e-4ac0-933f-a9cdba94f94b,648c4c1f-7947-44da-a992-c01508088215,CHECKING,ACTIVE,USD,2025-10-13T02:16:50Z
3d3591ea-7ca4-45af-ba27-15783a11db24,98481089-1b64-4bc4-afcb-0163bae372f1,CHECKING,ACTIVE,GBP,2025-03-15T18:17:15Z
c94aab60-5a50-4129-a920-f5c2a5f0d680,e52f6bae-108d-467a-aa4d-7a4f1991b7d9,WALLET,ACTIVE,GBP,2025-01-16T05:26:10Z
dbf384b3-19df-4d99-810f-8af8feb3ff3b,c49abd55-ebdd-4433-89df-4d855a74f19b,CREDIT,ACTIVE,AED,2025-06-20T16:20:32Z
673cfff6-ca78-4808-8d7f-bb8f3be5ee8f,08bba20b-a3a1-435e-86b8-65827159a345,WALLET,ACTIVE,INR,2025-12-03T09:14:24Z
04062437-8863-4dcb-a828-31506a1b4e67,a1c9c9c5-936e-42c9-b313-31de15f563b0,WALLET,ACTIVE,INR,2025-12-28T09:37:23Z
6c959b1a-d95f-4bd9-951f-cb79d6dc90ee,2b347191-7cbd-4504-813e-1af7cd3ffb98,WALLET,ACTIVE,INR,2025-11-30T15:09:40Z
65309935-98d2-440d-955a-c4690d4172c0,f3fad312-faf2-40ce-a2ce-18bc45d3a9aa,WALLET,ACTIVE,INR,2025-04-09T11:57:09Z
c41d23a5-7413-48a6-b14c-13dbe25e2c11,d1c096e5-ec19-41bd-95c1-11676066fbd0,CHECKING,ACTIVE,EUR,2025-09-25T20:16:59Z
abca7297-3286-4ebb-840e-25d9a2059034,799075cc-f377-49ce-97ce-a666ab5f13fb,WALLET,ACTIVE,INR,2025-03-19T10:34:22Z
744ee5d0-f8c8-4f74-9401-e529df8ae316,3db6a0c6-70c7-4dd3-82c6-51fd834795b2,WALLET,ACTIVE,GBP,2025-12-10T05:40:49Z
93e5cc8c-3362-44be-aff8-7de148c0e934,6ea7e4aa-9762-4a68-9c69-177921c36981,WALLET,ACTIVE,GBP,2025-11-21T17:57:15Z
30c1977a-7643-42af-a17e-b6cfbe04ab6e,380995a4-671c-4c59-99d8-a5c54a152267,WALLET,ACTIVE,USD,2025-02-25T22:53:26Z
121e89d5-cb2a-4223-862d-e756f956f47b,b1212a8c-a0dd-477b-a59a-5534ebb65054,WALLET,SUSPENDED,SGD,2025-03-18T05:56:00Z
059d041f-148b-4fea-ba2a-c06c3c2cc6dc,63941474-e623-4b89-be07-62c7d27bbd7b,WALLET,ACTIVE,USD,2025-08-11T08:07:52Z
4427d8d3-4a1e-4e3a-a755-68a2c679eea8,ef964017-77ef-49b3-9541-bfc270dcab1c,WALLET,ACTIVE,GBP,2025-02-24T18:52:25Z
cc4b6d9d-2329-41b5-9ea3-fa6bc94ea9dd,aeca5740-d94f-4bf9-b67f-2fc6a4f1c8b5,WALLET,ACTIVE,USD,2025-10-01T09:52:11Z
290da23a-1285-411e-bdc9-0639a2716e1d,63941474-e623-4b89-be07-62c7d27bbd7b,CHECKING,ACTIVE,INR,2025-01-05T06:57:15Z
bbe8d99a-0e55-4803-bce8-b32367872bfb,38df8922-357e-478a-b525-7ca955f60724,WALLET,SUSPENDED,INR,2025-03-01T00:20:37Z
986404a3-07f1-4047-b8f2-fa535c0c5fe6,a478798f-d5ea-4072-a2ab-a09f34fb3fb0,CHECKING,SUSPENDED,SGD,2025-08-23T12:02:08Z
00c41a17-e6e4-4515-b848-9ad22d663678,2fb5f85d-f4d1-40ae-a170-da0be4aded3c,WALLET,ACTIVE,INR,2025-01-24T05:11:54Z
a4c479d9-3800-4fc1-8a14-ed9e35519350,f9298a49-873a-46b3-89a1-21ad8f858a10,CREDIT,SUSPENDED,EUR,2025-09-03T15:34:01Z
6772836e-03f3-455e-b196-13647004a9d6,373653bf-2e23-4253-b189-80931d138789,CREDIT,ACTIVE,USD,2025-12-02T03:30:41Z
e8256bae-2973-463b-a1e0-0a6fc9cc13b8,11578513-6aa7-4202-9a2c-d59ef9262cf4,WALLET,ACTIVE,INR,2025-04-14T00:05:40Z
b8bcb04e-f6ab-4e65-8d68-942d7fe2bea4,c934d8ec-68df-4de2-ab8f-ae1269882705,WALLET,ACTIVE,AED,2025-12-30T16:23:46Z
eba70ada-a960-49c7-aa8d-554e4ac2e739,b29f3e4c-1204-4535-84d0-652f79bb29ea,WALLET,ACTIVE,INR,2025-02-01T19:48:05Z
7d974b0c-4918-4112-a17f-78c422d6a13a,6f6b638d-7d64-4c4f-ab0b-ad2e47c4eabc,WALLET,ACTIVE,INR,2025-06-24T06:06:56Z
ac4f04ef-0b29-4a23-a7f4-7bdc57991d9a,c170f479-ebd9-4f22-abbe-ac1cbb887db0,CREDIT,ACTIVE,INR,2025-01-20T23:10:49Z
38d9d859-7da8-4acd-84bc-779424db5a07,35260603-1514-4fc1-9867-a61c1f3e3bc8,CHECKING,ACTIVE,USD,2025-10-13T15:36:34Z
87e45112-2e35-494c-b4fe-c056b60d9ee2,35b47167-2d4f-4c75-9d58-ffefa7ac6e18,CREDIT,ACTIVE,USD,2025-10-22T07:21:21Z
48bcbe61-d4a0-4546-83c6-00fd05a03297,68b7c9b8-242a-49a6-8d80-017be3f442fc,WALLET,ACTIVE,INR,2025-02-14T20:54:12Z
35b63a5a-d2a4-44f5-b0c7-4a389209c7fa,e5e366e4-2822-4b76-9b5f-a0787bb64d43,WALLET,ACTIVE,AED,2025-05-02T19:25:49Z
a1d46cd6-04a2-462e-85df-478b55b38e0d,00322aa9-28da-4956-8224-972797640266,WALLET,ACTIVE,AED,2025-12-03T17:04:38Z
28f2b69c-6bae-41fc-aa3b-18db7a9a9445,bfe4a6c4-f1ea-4b51-9e08-2128e4fa315b,WALLET,ACTIVE,INR,2025-10-17T13:56:25Z
3517b58e-146b-4384-a01f-b6d01508a947,31cdc325-fe13-46ed-8849-e346c2ebdbea,WALLET,ACTIVE,GBP,2025-03-15T12:50:33Z
cb857bd8-6a31-4bc7-b4bb-4d2b295c39dd,a3d55d01-bd94-447e-babc-dd9692cf06bc,WALLET,ACTIVE,INR,2025-07-23T07:01:49Z
76c0eddf-6908-4e39-b72e-11a9426f3096,17a559a5-4797-477a-b390-7cf67183be12,CHECKING,ACTIVE,SGD,2025-02-12T15:57:06Z
bbcc3f22-51dc-4d55-a380-fcd89d4f9812,fa46e9f1-c76b-4519-b4f3-982ff24d707f,CREDIT,SUSPENDED,INR,2025-09-20T10:22:36Z
db092c78-dba6-417c-b4a6-d4e2e30ce86e,0b690f58-71bc-41a2-89b6-161a2f130932,CHECKING,ACTIVE,GBP,2025-11-13T09:26:05Z
76360ffd-f4c0-4c58-a3b5-1a5903d17209,83d4ef72-a326-4ec9-817d-d31232bfbc07,WALLET,ACTIVE,AED,2025-08-04T18:23:02Z
d46cbde7-bf43-4131-8cdc-04fa23917b68,019b337d-4ad2-4303-9491-f968a3e42788,CHECKING,SUSPENDED,INR,2025-04-15T18:32:14Z
4091421a-afdb-486d-bb42-8a60439b7ad0,fa1eaf74-5aa0-455e-a33a-fa3cf14815e0,WALLET,ACTIVE,GBP,2025-08-08T16:52:27Z
ec176928-919e-4557-94a5-275ecae722ef,c54a0d3b-76e7-4e72-92bd-d6c389f1f059,CHECKING,ACTIVE,EUR,2025-08-13T02:50:16Z
6f24082e-c7b6-46d1-b34e-440dc2fcba18,588599eb-64fd-4aa2-a177-a3d41d0b081e,WALLET,ACTIVE,EUR,2025-09-06T17:14:43Z
5353604d-ebcc-4e3c-b54e-72fafee18a16,2b705299-2bf5-4d19-a238-7d19b0b766ac,WALLET,ACTIVE,GBP,2025-02-24T05:35:59Z
d8a87d12-d240-4f2a-9789-9bc1732309cc,2803b854-5280-4dff-9d1d-6ab05ff184fd,WALLET,ACTIVE,EUR,2025-01-04T00:45:31Z
3859167c-b15f-47dc-b942-1c7f3674fdde,51a3b757-c929-460a-baaa-337f9e45c4ff,CHECKING,ACTIVE,INR,2025-01-12T04:43:22Z
34125857-4f9a-4ac8-85e9-937c869745d8,ef964017-77ef-49b3-9541-bfc270dcab1c,CHECKING,SUSPENDED,GBP,2025-07-08T11:26:05Z
6870ddad-7394-40a4-8b61-5cf629a406f8,bc5fe860-eb44-4c69-a0a5-15896273f61f,CHECKING,ACTIVE,INR,2025-11-16T23:04:38Z
17b00974-10fd-4668-a0d9-90c398f45f03,6c040c02-ddab-435f-8d9a-df48091fba4d,WALLET,CLOSED,EUR,2025-01-26T13:56:43Z
94f66999-5259-440d-adc8-3f7f116a1be0,2d84a895-4a30-4ace-8a05-5aac11a60189,WALLET,ACTIVE,AED,2025-12-14T17:41:14Z
023cfbf0-8aea-4593-82b2-16fa99b5cfa4,a2ad4907-add8-4314-805b-f4baed5caf32,WALLET,ACTIVE,INR,2025-07-03T04:42:48Z
de91c44b-df6a-43ca-8d6a-dd902b01294a,f3273d70-099a-4e9a-b627-ffd78dce2e6d,CHECKING,ACTIVE,GBP,2025-01-01T14:43:46Z
2c8dff0f-5840-4b62-a5bc-3533ca9b2434,b9a7fd11-16f3-41ee-9572-22ebffa7eb1a,CHECKING,ACTIVE,USD,2025-12-01T13:01:30Z
3564ff02-4178-4bdc-b0fa-3655d9c2aa1a,04ed8d62-7a10-4744-abf4-3bffea2e3ca1,WALLET,SUSPENDED,SGD,2025-12-19T04:19:27Z
2c5c0832-6a1a-417e-813a-6969e203ee11,47d27e76-8414-44a6-b673-63fda627caeb,WALLET,ACTIVE,EUR,2025-09-09T01:05:59Z
cd9719cd-4a7a-4e7c-b5b6-d88db1ca34cf,35b47167-2d4f-4c75-9d58-ffefa7ac6e18,CHECKING,ACTIVE,USD,2025-12-17T22:55:53Z
c9aaeb92-33cb-4ca5-8f48-f16d094656cd,6a6b4cdd-2b84-49e2-818f-25f45c58f3cf,WALLET,ACTIVE,AED,2025-12-23T01:48:58Z
1f129cab-76c8-421a-932a-7da04b18e8e5,93562c12-4cc1-48a4-95ca-e285fd560184,WALLET,ACTIVE,GBP,2025-05-19T19:53:40Z
f94b6c79-45c9-430b-8a6d-e4b85d777f0f,d20d9848-4572-4f7f-bdfa-2c017bede1c0,WALLET,ACTIVE,INR,2025-08-15T19:09:34Z
fa6f8507-1b0b-4ec5-a097-6f9371b41762,2ffd4905-0166-407f-8ad6-5ac4097cea80,CHECKING,ACTIVE,USD,2025-11-06T19:11:47Z
3e63ebab-dc82-4f0e-bb05-8c98395d8be4,0ccf3a21-6ecd-4e43-b213-1ff7a92da1fd,WALLET,ACTIVE,EUR,2025-09-07T15:22:25Z
365af648-2215-401d-996c-d9b367b6ca98,7628eec7-1a15-4d3a-8a8b-53dd77f7f1b7,CHECKING,ACTIVE,AED,2025-10-09T22:57:57Z
88fb2673-1811-4594-9926-df650467036d,56edc2f6-e095-427e-b34c-7e1f9b4e85ff,CREDIT,ACTIVE,USD,2025-02-27T04:30:09Z
7d7f7058-65ef-4c12-a20c-d4aec37f8086,67a2d2a2-2989-49d8-bf19-8629d6412397,CHECKING,ACTIVE,INR,2025-06-30T11:18:48Z
8bac1d62-1213-4053-9d9a-5066228d0b15,ab294e35-4706-41d2-abd3-9320720f3287,WALLET,ACTIVE,INR,2025-03-19T11:57:57Z
624c2dc6-06a2-44fd-b6cf-63228cc7819e,93562c12-4cc1-48a4-95ca-e285fd560184,WALLET,ACTIVE,EUR,2025-10-18T10:46:19Z
cd85ff39-ac3e-4326-ab60-bb8eeea85625,6c040c02-ddab-435f-8d9a-df48091fba4d,WALLET,ACTIVE,SGD,2025-06-29T19:40:12Z
53b11cf1-d224-4c39-84e2-6c6c8883dbb5,fc8b439a-c791-4d25-bf01-0bf3cb4cd35d,WALLET,ACTIVE,EUR,2025-04-18T22:52:53Z
191fb7b6-eb97-49ec-b08d-023562434a09,71b0557f-8843-4cb6-bc97-60e78456fdca,CREDIT,SUSPENDED,USD,2025-05-14T00:35:06Z
415db1b1-5524-4cbc-a0b6-6b0514a44c1a,39b139d3-3254-4174-9a70-7912dd877400,WALLET,ACTIVE,AED,2025-12-12T22:23:17Z
2a01f156-3fbd-4bf2-bf2a-1de5fb665991,d1c096e5-ec19-41bd-95c1-11676066fbd0,CREDIT,ACTIVE,SGD,2025-08-15T00:45:57Z
2cdf623c-4619-4785-bc93-68ff01d5a12a,b45bfcda-d8bb-4c87-920b-70d1970287d5,WALLET,SUSPENDED,SGD,2025-08-26T19:12:31Z
0779637c-b7de-492c-a393-2217b2c0da9e,fd11d95b-60ba-48a5-9f9a-0f0b600da389,CHECKING,ACTIVE,GBP,2025-08-07T19:31:26Z
ee904dda-0085-4003-9182-7170e79f3478,d38ce862-dea9-4304-8ac9-2ff578b031ed,WALLET,ACTIVE,GBP,2025-03-03T04:56:00Z
7ecda7b0-3681-47f3-8c66-34103400f32c,2ae83654-042a-4c14-a023-a9087023a4d3,WALLET,ACTIVE,USD,2025-10-18T07:37:14Z
712e4371-4c0a-466e-afb2-55515d3e263a,9e40cbb2-92f8-4909-b077-0439e8d9854d,WALLET,ACTIVE,GBP,2025-06-07T02:37:09Z
6c8c6e07-0207-4335-be1c-df236b2e84bb,9f33f760-c617-4744-ad7f-58d7cbd295bd,CHECKING,ACTIVE,INR,2025-03-28T13:11:03Z
89aae460-1edb-4c5a-a14e-f17d1f15b759,2209aab5-5056-43b5-be5a-8774552a1e39,WALLET,ACTIVE,SGD,2025-06-18T16:18:52Z
f235511e-1dc0-4730-a7e1-4f254aec80b8,6c38bde4-1582-42cf-a2dd-c595d50f755b,CHECKING,ACTIVE,INR,2025-07-30T01:19:42Z
e98ced5d-e148-4c21-9e75-4f6273af8a6d,76b35c83-5ae0-4e09-b379-90992bcba59c,WALLET,SUSPENDED,EUR,2025-07-15T15:34:19Z
742736dc-78b4-41b8-ba39-73579085af0d,e9e1a075-426d-4d1e-9134-5c01b8686585,CHECKING,ACTIVE,GBP,2025-06-13T23:12:26Z
e407977c-67cb-44c9-ab10-90937c68ce30,7eb2c7da-809b-478b-85d8-4be7bc001c01,WALLET,CLOSED,INR,2025-03-22T11:47:21Z
edc6d3bb-8153-4fbc-948c-557e6e822d56,f51f9f56-b88d-422a-843e-7d0e5193da37,WALLET,ACTIVE,USD,2025-08-03T21:34:04Z
aa564bf5-4827-4bb0-adc1-afb4e0bf55e1,d54f4a3b-5890-4ed7-be97-d819032c3e2c,WALLET,ACTIVE,AED,2025-07-07T07:37:13Z
b0e317fb-fd77-442c-b332-af78f046fb5d,2f0de4d7-9e86-434b-bc31-fa2f8ab8d76e,CREDIT,ACTIVE,SGD,2025-07-04T19:39:44Z
e62e6295-924c-4bc6-b8a4-2500070ca483,0ccf3a21-6ecd-4e43-b213-1ff7a92da1fd,WALLET,ACTIVE,GBP,2025-10-14T08:27:58Z
f282ea5a-629c-4b4d-90da-a2bd9318c04b,776566a2-f452-40f8-a548-b165dc708677,CHECKING,ACTIVE,GBP,2025-02-20T01:24:09Z
5a0f8497-0c8b-4cda-a97a-5b5edf2720da,08bba20b-a3a1-435e-86b8-65827159a345,CHECKING,ACTIVE,AED,2025-05-03T13:51:26Z
e2d3c8e7-4abc-47af-aec9-565f505c0a1f,bfe4a6c4-f1ea-4b51-9e08-2128e4fa315b,CHECKING,ACTIVE,USD,2025-06-04T19:52:35Z
f392259f-8f58-4df9-bbf6-cce15be1815a,4d6a5488-1248-489f-a637-bfc87462f0ae,WALLET,ACTIVE,SGD,2025-04-22T09:10:02Z
e3ae1838-e3f1-4f33-a158-8cc3fdfe2e4f,2fef2d49-694f-43e2-9aac-d9d75f81c713,CHECKING,ACTIVE,USD,2025-02-17T01:31:38Z
6c0557fb-96e5-4dd8-bbac-72366ecb8261,910d7c15-1d7d-4206-bac5-227b2d6ff3c3,WALLET,ACTIVE,GBP,2025-08-07T10:48:04Z
48f68fcb-7b89-4991-b539-c814b5aa1952,fbc69e96-3148-4889-a49a-f27ef21539f8,CHECKING,ACTIVE,GBP,2025-06-19T00:02:21Z
9caa71fd-64cc-4f74-a4ad-9cfa46f7b167,42921cbe-c4bc-4cea-8c2c-7a51e251ba5f,WALLET,ACTIVE,INR,2025-04-21T09:46:47Z
0f52ea14-9354-4af4-beb1-32043aecae9b,6797727a-24e3-4b66-a406-6f5f67dfc77f,WALLET,ACTIVE,SGD,2025-10-19T07:46:42Z
f96fac34-f5dd-43e0-8e4f-1a2ec245000b,8b94bb65-066a-4ee4-9ad3-0e252ff97fd0,WALLET,ACTIVE,SGD,2025-07-16T11:50:53Z
70bbb639-738f-48de-ac45-935bd96c4ad7,2d285ff5-8e8c-41eb-b1d8-0a551b70c1c5,WALLET,ACTIVE,USD,2025-05-28T23:15:01Z
3ea0a7f0-21a1-42e0-b29e-6adf991284da,ade91e39-e798-45f0-8fa2-b436f20bb47b,CHECKING,ACTIVE,GBP,2025-08-01T04:06:30Z
50d1a122-df28-4bb8-bd61-b6be9792ecf8,cf851b6e-54be-4273-a3ae-8e1d486919ec,WALLET,ACTIVE,INR,2025-04-12T07:58:54Z
6cb6905d-55df-42a1-84b7-b3bea8779c55,cf8f707a-663b-4487-9e7d-4b57e34ec53d,WALLET,ACTIVE,USD,2025-07-06T07:08:38Z
b1707072-e315-4582-9773-937e9b885a70,a6f709dc-063f-4f22-8ede-3687a6d59318,CHECKING,SUSPENDED,SGD,2025-06-06T10:00:27Z
fed7d08d-4f31-49c5-b6b8-aaf0c9dd26f9,c3c7cef0-00be-44cc-a515-d1eb5120fdde,WALLET,ACTIVE,INR,2025-10-15T16:47:13Z
04479eef-8bbc-4f5a-a4b5-ca09f7460c4b,41343714-a9a8-4130-9586-2f43b9439595,CHECKING,ACTIVE,AED,2025-03-07T11:08:28Z
c6d7d727-25a7-4760-8c87-1a6df70cadba,8680599e-9b0c-437b-bf35-8e2f08229fcb,CHECKING,ACTIVE,GBP,2025-06-30T12:03:31Z
02b06ad5-a3a2-4fc3-8540-7ba52bb315e2,b855bd0b-8e24-4776-bef4-ce3cc16d0ec9,WALLET,SUSPENDED,GBP,2025-11-05T23:45:29Z
91adaa77-4e7c-4658-bce4-e3760c502541,97512090-5e9e-4825-b584-45be75196d04,WALLET,ACTIVE,AED,2025-04-16T08:18:56Z
cd546e83-dc93-4038-99f8-8aaffbefc547,bbe45c66-d195-44f4-a520-cd31c7fbe1fc,WALLET,ACTIVE,EUR,2025-09-17T05:15:26Z
33be26f5-f8a0-4a74-bb1b-2d0c7483bf0e,6be8ec69-9c40-4e0a-a99d-6a5d78cbcec3,CREDIT,ACTIVE,GBP,2025-02-27T19:45:28Z
c25368aa-d2d2-4ee7-b2da-9b6df65982aa,9224337b-fe64-4727-a5db-f2a1f5b28630,WALLET,ACTIVE,USD,2025-12-11T08:39:37Z
d6174e92-9d44-4901-8b5a-086049f5c578,4fd1b2d2-ccc8-4824-8dda-6982cbd9140c,CHECKING,ACTIVE,GBP,2025-03-24T23:29:50Z
73cff06c-d57b-4c18-95cc-f31c329657c3,2b705299-2bf5-4d19-a238-7d19b0b766ac,WALLET,ACTIVE,EUR,2025-01-24T22:33:52Z
b5146e6a-1214-4014-ae9f-c6fc8823fddc,8b9289ae-8766-4e77-afd3-56064c796814,CREDIT,ACTIVE,SGD,2025-08-18T00:05:24Z
16b5d096-1a7e-47ba-844a-f3589e692b2d,54249340-7acb-46a6-8bb9-f06bee9e9a89,WALLET,ACTIVE,USD,2025-06-05T01:43:51Z
737557fd-0a83-408c-b15b-09741d014bbb,8680599e-9b0c-437b-bf35-8e2f08229fcb,WALLET,ACTIVE,USD,2025-11-08T22:34:57Z
24a82f1d-1e68-4801-8e31-3bc6e71269fb,d1c096e5-ec19-41bd-95c1-11676066fbd0,CHECKING,ACTIVE,INR,2025-05-07T01:19:15Z
1b2f060a-ede3-44a8-a0ca-cb8dd11aee96,b8fc8264-86a9-4c06-ac37-2dc8d10d9c55,CHECKING,ACTIVE,GBP,2025-01-16T02:33:52Z
2dad706c-d496-45d2-8128-3578a3d9e74e,376c0791-ad25-4e40-ba52-b806c3630305,WALLET,ACTIVE,GBP,2025-10-07T22:26:31Z
a8614078-2d80-4929-a60d-9ca487269fff,5a290272-0e3b-4675-aa7a-bd62b6bcad85,WALLET,ACTIVE,GBP,2025-03-09T21:20:42Z
69cb7312-e55b-4e1f-9391-0ac4fde13acf,2803b854-5280-4dff-9d1d-6ab05ff184fd,CHECKING,ACTIVE,INR,2025-12-05T15:37:40Z
bf32a0d6-cf31-4313-afe9-52c02ab5dc3c,de5158ab-d9a5-4391-86e9-3d403a887ae8,WALLET,ACTIVE,EUR,2025-12-05T01:03:35Z
35acaab1-8379-4b65-b750-2ceab1438ae8,fbc69e96-3148-4889-a49a-f27ef21539f8,CHECKING,ACTIVE,GBP,2025-03-07T17:19:17Z
54651305-72bd-469a-b0fa-8e46b5bfefaa,0f40c860-c97d-4641-aca8-bbec3c743254,CREDIT,ACTIVE,SGD,2025-07-30T08:24:25Z
c2ad12d8-bb90-46f4-aaad-7c1757152d49,7628eec7-1a15-4d3a-8a8b-53dd77f7f1b7,CHECKING,ACTIVE,AED,2025-11-28T14:47:41Z
12a95535-8f55-4967-95a3-7a3e97ffb0a7,d5179a97-39da-4da7-9949-9b02cec7669b,CHECKING,ACTIVE,INR,2025-06-04T12:23:01Z
7f095527-cd55-4105-8084-f8901137725d,d6f43280-990e-4fea-9a08-2088b9c60a0f,WALLET,ACTIVE,EUR,2025-08-30T20:27:18Z
9783554d-1e65-46fb-b64c-485a00e2a4f9,38b20ffd-ae02-4093-9f43-4c2b206bd33e,WALLET,ACTIVE,SGD,2025-08-06T09:13:14Z
eadd85d0-f675-4c6d-8124-e8f52006d261,9b8e5bc7-1f92-4869-883e-32088426b5c0,WALLET,ACTIVE,INR,2025-06-18T11:24:38Z
b6a67027-da7e-438f-b3b2-f40c674bbef4,708285d5-937c-498a-972c-a540203f107b,WALLET,ACTIVE,EUR,2025-07-06T03:28:29Z
965464a9-3efb-4603-b99b-90a38805a53e,070172a5-1a3e-4f42-bfa5-cd9135a719a4,CHECKING,ACTIVE,USD,2025-09-02T07:46:51Z
7e1cd589-4db8-4e7a-8fdd-3449e4318855,873b532f-fb54-41e7-8b3b-7b75c8d90d98,WALLET,ACTIVE,AED,2025-10-14T14:50:09Z
564169e2-4d4e-41ff-b3ee-1786a87b2679,fa3788ff-47ed-43c6-a6cd-3ff964169e37,CHECKING,ACTIVE,INR,2025-10-28T03:26:01Z
67b1f63a-5d7f-4e00-9fe9-177730d5b401,9d7fbd06-5139-4a45-bf59-7e2098b4c740,CHECKING,ACTIVE,GBP,2025-10-12T10:14:39Z
9a1a5b9f-ddc3-42ae-93cc-ffc33535ba79,e9a7a5c9-47e4-497a-9786-0825a71839d1,WALLET,ACTIVE,GBP,2025-03-10T16:03:52Z
a7bb846d-76bb-4b2c-bff5-11c972b2013b,fa46e9f1-c76b-4519-b4f3-982ff24d707f,WALLET,ACTIVE,AED,2025-05-15T18:52:19Z
f75e4462-3d90-410a-b1e4-cb48ef6f8701,ef5f55f9-43c9-47c1-b50e-8ed07dbcfa56,CHECKING,ACTIVE,EUR,2025-06-27T04:10:23Z
a88b41aa-bfb9-4c56-b455-24ee0b2a8720,fa05b4d3-1c4f-450c-ac2e-3436535a8f2a,CHECKING,ACTIVE,USD,2025-10-31T04:57:39Z
1ff6bc9d-d38d-4547-ad55-34cdb19a8e0b,c170f479-ebd9-4f22-abbe-ac1cbb887db0,WALLET,ACTIVE,AED,2025-06-18T22:35:39Z
a2a2994a-dca9-4ab9-b0ad-11e179be24aa,42ecb332-aa64-45fc-b4e8-9aaa545e6d23,CHECKING,ACTIVE,AED,2025-06-16T20:30:25Z
25273180-5eac-4472-95d5-73bb1362afe2,568ceb39-8d9b-4c5b-b1b4-ec3b74390a9e,CREDIT,ACTIVE,USD,2025-09-27T19:40:21Z
453f2303-89b3-4f90-9706-a146a55a1131,c170f479-ebd9-4f22-abbe-ac1cbb887db0,WALLET,ACTIVE,USD,2025-08-02T16:37:09Z
1ddd71b4-f52c-4b3a-8fa1-eed10492366e,3458c6b8-4916-465c-aac5-3c55df06989a,WALLET,ACTIVE,GBP,2025-10-29T09:06:48Z
f426ad2f-1ca0-4f7e-ba39-99a946199239,0920c744-aa0c-44ad-928a-480900106785,WALLET,ACTIVE,EUR,2025-02-14T00:45:08Z
9e48cd61-bf37-4fd5-a096-4ff7a49913d6,060132ed-b9d1-4ec4-875b-16c2d86a819d,CHECKING,ACTIVE,INR,2025-01-19T10:50:40Z
3fb284ab-2a15-4fb8-bd02-ae137eb16446,5b907da7-547c-4edf-8af6-64ae770959d4,CHECKING,ACTIVE,GBP,2025-08-27T09:03:25Z
5eb8696c-17a1-40d8-8a3b-911fe1ab9781,f9903854-c42e-4d9b-a0bf-0cf89101d34e,WALLET,ACTIVE,SGD,2025-11-04T13:46:37Z
13fd6632-b46d-47dc-8dba-d2b1363cccd9,e0695479-6ba2-48c3-b58a-5b60224020fd,WALLET,ACTIVE,SGD,2025-06-08T22:11:00Z
578e61d5-4df8-483c-bb1b-52192f46d058,0f80295d-eca1-40eb-beb8-360f48109098,WALLET,ACTIVE,AED,2025-10-14T09:46:38Z
f37913ad-7d5a-495b-b85b-947e591b9416,6be8ec69-9c40-4e0a-a99d-6a5d78cbcec3,WALLET,ACTIVE,EUR,2025-10-02T03:05:06Z
d7c5d7b7-6134-4ed6-9059-e490cc8a922f,0920c744-aa0c-44ad-928a-480900106785,WALLET,ACTIVE,GBP,2025-05-24T02:41:40Z
5d3f2f47-72f9-4436-8cc5-5d1d91d573b5,d5179a97-39da-4da7-9949-9b02cec7669b,CHECKING,ACTIVE,USD,2025-01-31T13:12:52Z
590868e5-a145-4489-b464-aab2f0d0a3cc,1676d26b-a2ad-4009-9526-b8ca7d2615af,WALLET,ACTIVE,AED,2025-12-08T14:44:21Z
1843162e-985b-4806-8701-e38d0fdaa113,1c93997a-3d61-423a-a8ad-07ca0410cab8,CHECKING,CLOSED,INR,2025-07-09T20:30:12Z
75818205-c93b-4fa4-acfb-1bd3e5e49ebb,09841c2d-0ad4-46fe-b814-9eff1e258c62,WALLET,SUSPENDED,GBP,2025-02-20T15:36:02Z
8408175f-8e17-465d-ac8d-6f37a0b0f982,295ab799-757c-45a1-b021-0d03ec391e3e,WALLET,ACTIVE,GBP,2025-05-29T07:31:36Z
c2b9758b-e3a2-4c19-b609-125748d33235,45eb9b88-5f53-495b-b418-72eea9b5d033,WALLET,ACTIVE,INR,2025-02-14T00:50:58Z
ce144e53-e3e2-469b-8ffb-8ee6b6d3d34e,648478f2-427e-43f8-93c5-38a99c6762c9,CHECKING,ACTIVE,EUR,2025-05-27T05:00:09Z
123cb655-2cde-41e7-8254-055ef83e13a8,2b705299-2bf5-4d19-a238-7d19b0b766ac,WALLET,SUSPENDED,GBP,2025-01-07T03:16:57Z
e2f76758-9598-443d-8fe2-f88a40d2f8b8,fa46e9f1-c76b-4519-b4f3-982ff24d707f,WALLET,ACTIVE,SGD,2025-02-09T15:02:49Z
35fe5331-9ed9-4819-9d31-a9bc5830ce64,7d53ef55-56e5-4801-b86e-0755eea27a81,WALLET,ACTIVE,INR,2025-07-02T10:59:50Z
40a5b3f0-ee75-440b-b672-982d3a239a14,45708205-3cb4-4478-a48a-62ee8100023c,WALLET,ACTIVE,AED,2025-10-24T05:55:43Z
29f17171-cdd3-413b-8a1e-3a247e9129c9,0920c744-aa0c-44ad-928a-480900106785,CHECKING,ACTIVE,EUR,2025-04-13T07:26:11Z
ecf4326a-801c-4eb7-a212-93c8f69c530c,76d6821b-8234-4145-8931-b106689692b0,WALLET,ACTIVE,SGD,2025-10-25T18:28:25Z
c36d949a-c981-4b6d-95e4-bcef546b0d8a,b93c472c-c992-4e6b-a4b2-9afbda3aaa73,CREDIT,ACTIVE,INR,2025-11-02T03:40:41Z
841148dc-fa82-457e-8e15-abc8e4b86d6b,8b94bb65-066a-4ee4-9ad3-0e252ff97fd0,CHECKING,ACTIVE,INR,2025-10-14T01:50:32Z
670a183d-b9b0-49a9-a82d-676bc2e15a83,4e1ef2d1-b866-4614-aa47-b7ea9ae11e84,WALLET,ACTIVE,USD,2025-11-04T13:06:18Z
de994c5a-800d-4a0f-85b2-bba5499a7ebc,1676d26b-a2ad-4009-9526-b8ca7d2615af,CHECKING,ACTIVE,EUR,2025-08-11T12:34:29Z
a2223bb8-057d-4758-9597-ee595105a5ac,2c7d4552-68ec-4411-b589-206a0f1f239f,WALLET,ACTIVE,GBP,2025-11-05T17:45:58Z
3728c9be-0736-40d3-999d-58d1b9e4c8b1,21d0c28b-e04c-42ca-a9d7-ba844327125e,WALLET,CLOSED,USD,2025-10-07T03:20:26Z
1d76ceab-547f-4a59-b556-c675acb8104a,c170f479-ebd9-4f22-abbe-ac1cbb887db0,WALLET,ACTIVE,AED,2025-04-28T20:34:56Z
520a01a7-4fdc-4a55-a9f3-789cb5b0f8f8,648478f2-427e-43f8-93c5-38a99c6762c9,CREDIT,ACTIVE,AED,2025-08-19T19:40:42Z
96b9ed56-ac8a-4474-898e-bf26e2e67970,a88e036b-9e89-428d-8bd5-bf50990e471c,CREDIT,ACTIVE,USD,2025-03-29T11:55:22Z
6a6a6a58-466e-4c2a-be77-ec33415b761e,67d77a3c-3f22-4abb-b714-b05f31b813c8,CHECKING,ACTIVE,AED,2025-02-14T01:18:29Z
9e8dc952-d674-4067-a642-ab133f34ad4d,aeca5740-d94f-4bf9-b67f-2fc6a4f1c8b5,WALLET,ACTIVE,AED,2025-11-22T18:35:29Z
241908e6-9ba8-47b5-a6e6-0684bccd4b07,6c040c02-ddab-435f-8d9a-df48091fba4d,CREDIT,ACTIVE,GBP,2025-10-19T12:51:04Z
b10952c2-bc83-4e8d-947f-519503b78f8c,c1a0a22d-f53c-4929-9959-fb2a29b2a55c,CHECKING,ACTIVE,USD,2025-01-17T17:30:22Z
12af342a-8ecc-4d2c-9853-11b97f465333,c583f612-6ce1-4ed6-a0b6-43b109b9e4a6,CHECKING,ACTIVE,INR,2025-02-20T11:44:45Z
ba55f934-18af-447c-b543-01c76a40663b,02c5bbd8-e8b2-4a76-96e2-030f7c84ca0d,CREDIT,ACTIVE,EUR,2025-09-06T10:13:19Z
e9862da9-b0f8-4c35-8bf6-18840bda2ac9,cec350f8-d1f1-48d4-8915-446edc99b8e6,WALLET,ACTIVE,USD,2025-08-25T14:55:27Z
8de8ba61-81cc-45e5-a2c7-3956506dd47c,a1998981-1e18-4b69-9982-7e00d438d0d6,WALLET,ACTIVE,USD,2025-01-05T08:57:31Z
8ea5db2d-e449-49bc-a404-99bbf8314eb9,518c8c07-c7c9-4dca-846f-eb0fd9b37e83,CHECKING,ACTIVE,SGD,2025-10-13T12:43:57Z
7879f2de-bfd3-4634-b5bd-9bd3e637955a,0afb5e2a-4c2b-4d57-8bcb-fc98c3bb5599,CHECKING,ACTIVE,EUR,2025-09-07T17:40:54Z
0cce1aae-e7ed-4587-a899-b7d890781dad,64da7b7b-9c7d-4fcf-98a6-24e69f621be4,WALLET,ACTIVE,INR,2025-12-12T07:38:16Z
b13fb1f6-82d5-480d-878e-6f66259a675a,26a6dd37-8593-4c13-b588-fcca0afa0828,WALLET,ACTIVE,SGD,2025-12-16T01:24:12Z
27c19e8a-cd73-46f6-a7e2-cf9afaa4efc7,69692d5a-e128-4da6-b00b-076233080218,CHECKING,ACTIVE,AED,2025-12-04T04:54:10Z
648f9211-aa6d-4894-ba9f-0445c5025497,c74a5a09-4e19-467c-91cf-6bbc53708ec3,WALLET,ACTIVE,AED,2025-12-28T17:13:17Z
d60e1abb-2bc3-4660-98ec-5715d0e7be0c,ca17c946-f110-4b4e-b00b-9c14a1f99960,WALLET,ACTIVE,SGD,2025-03-19T10:57:56Z
d3fd8e3c-40d8-4c96-b4d4-b4c50981cff7,68b7c9b8-242a-49a6-8d80-017be3f442fc,WALLET,ACTIVE,INR,2025-04-12T06:52:27Z
11de4eb4-2904-448c-87a0-1745cef9cf01,39b139d3-3254-4174-9a70-7912dd877400,WALLET,ACTIVE,SGD,2025-10-14T09:01:35Z
e9f7a4ff-e8d0-45e7-a0c3-9baefea0caf2,d0adc2ba-2cee-4671-ba56-223fac3f3133,WALLET,ACTIVE,SGD,2025-01-20T11:34:07Z
5f49e960-5f44-43e7-8650-c1c3672552ca,ef92f146-9862-45ef-aca8-9e77ca8065eb,WALLET,ACTIVE,AED,2025-06-27T06:08:12Z
4de1c8d7-ead3-45ac-b877-5511e5a00f27,ab1a5cab-d313-48e6-9972-28167ba5a4b2,WALLET,ACTIVE,USD,2025-04-05T00:33:56Z
03728112-6c17-4bba-aa40-43077aad4ffb,e22db194-fdc5-457b-b391-a26739284ff2,WALLET,ACTIVE,EUR,2025-05-17T20:32:14Z
872773bd-f182-4dc0-9242-e1524af5d588,67a2d2a2-2989-49d8-bf19-8629d6412397,WALLET,ACTIVE,SGD,2025-06-02T10:31:56Z
b23b32b8-432d-4042-a4f4-bba9d5c2cec3,a2ad4907-add8-4314-805b-f4baed5caf32,CHECKING,ACTIVE,EUR,2025-11-04T15:21:57Z
ea614046-b32f-4aac-8286-ee15082f4229,9d84bb33-a629-4203-8e9a-63344cb56cb7,WALLET,ACTIVE,GBP,2025-11-05T15:35:02Z
e16ad27d-5e6e-4c86-b637-18ac4db1cf01,90a8d39d-32e8-4161-8c0f-58f1e0827397,WALLET,ACTIVE,EUR,2025-08-26T05:49:32Z
f9f890e7-668d-477d-9aee-0f7ae69f5a2c,76b35c83-5ae0-4e09-b379-90992bcba59c,CREDIT,ACTIVE,AED,2025-01-10T19:31:29Z
21411aa8-bd9e-436d-b240-c1c5d4136772,04ed8d62-7a10-4744-abf4-3bffea2e3ca1,CHECKING,ACTIVE,INR,2025-06-07T20:57:52Z
cd754666-9e3e-445c-8c9d-a8bf469c37ac,5da734c4-a79c-45b0-ae88-95b59d111563,CHECKING,ACTIVE,AED,2025-01-01T19:28:00Z
80878a0c-ccd4-4ce4-9b61-cac94cb3d8b6,d6f43280-990e-4fea-9a08-2088b9c60a0f,CREDIT,ACTIVE,SGD,2025-01-15T09:22:07Z
e4f13e59-8a77-4b4f-97ca-1f9faec1eff6,c85e5af2-939d-4427-b8da-82516e224d18,CHECKING,ACTIVE,EUR,2025-05-03T20:14:58Z
98f793fd-a2d4-44c1-9755-d1ad711c32ae,cec350f8-d1f1-48d4-8915-446edc99b8e6,WALLET,ACTIVE,GBP,2025-09-02T21:55:13Z
1824922f-63a2-45b6-a45e-9146f0ae9eb0,1031e95b-9f7d-4472-8728-ec8393849037,CHECKING,ACTIVE,GBP,2025-09-14T06:54:08Z
6c7d16fd-2557-42bc-bf16-d11457cc6cfa,76d6821b-8234-4145-8931-b106689692b0,WALLET,ACTIVE,EUR,2025-11-18T01:01:24Z
1ddafe30-1630-4411-a587-ef9592e15857,22683d3a-3940-4da9-b6e0-43e9d436fb88,CHECKING,ACTIVE,GBP,2025-07-04T17:31:22Z
018402a0-a149-4527-b72a-0514253d5607,f4386384-2c8b-4cc2-be8c-a5b98397a01b,WALLET,ACTIVE,GBP,2025-01-18T23:12:56Z
d8d2fb3d-8141-4017-986f-f6f5a157e68c,648478f2-427e-43f8-93c5-38a99c6762c9,WALLET,ACTIVE,AED,2025-04-08T10:38:35Z
4c1ddd31-2708-436d-b339-91890fa4f3cd,3b4c781e-a36d-4fb7-af3f-20df9c210e4d,CHECKING,ACTIVE,SGD,2025-11-11T10:41:15Z
bc2cb970-5267-46bd-8ff0-e6a99e2b3aee,d03823cd-35af-464a-a163-59e1e3c14648,WALLET,ACTIVE,GBP,2025-01-21T14:48:44Z
4508fbc7-76d1-4c87-9348-24ac46af2e22,3abb80cc-5643-40cf-bb95-e89c4c3b317b,WALLET,ACTIVE,USD,2025-03-10T07:37:27Z
6cbb16af-96cb-4641-87a4-93c92bb08d2c,90a8d39d-32e8-4161-8c0f-58f1e0827397,CREDIT,ACTIVE,EUR,2025-08-22T16:53:39Z
e00df856-4512-4d08-bd11-945032a31da8,de244923-7248-4084-b32b-7aa21ba1f063,CHECKING,ACTIVE,EUR,2025-01-24T09:46:28Z
a1f61bd5-41f4-4068-832b-f77940237cf1,bc79939b-0c65-49ef-a87b-14e1df6b6fab,WALLET,CLOSED,INR,2025-01-13T13:51:22Z
beb54a53-0b0c-475a-9425-d8fa0b7cfd1d,3360a39d-e5a0-48b2-970b-35b5d14dc283,WALLET,ACTIVE,INR,2025-04-27T05:22:14Z
0a214318-0c5d-41a6-9c90-48fcb563569a,51e62a37-d3dd-4e88-ae81-c78976e8dad2,CHECKING,ACTIVE,SGD,2025-11-24T17:00:10Z
90ad5842-a196-41b4-82ce-e784d58f5ea7,4265da29-26dc-4c03-b48a-fd9d938442c2,WALLET,ACTIVE,AED,2025-05-03T17:52:36Z
9cecfa80-9e42-4ece-9780-b059c70b091d,4e1ef2d1-b866-4614-aa47-b7ea9ae11e84,WALLET,ACTIVE,USD,2025-02-23T04:48:59Z
eded617f-aa7f-4989-8e4d-e933cbdc9ad9,54c9f245-3de8-4cc9-b9bb-580cd56b251a,WALLET,ACTIVE,SGD,2025-10-26T02:11:12Z
c2ccc659-ec18-4fea-ba31-0d56d4c0866d,fa3788ff-47ed-43c6-a6cd-3ff964169e37,WALLET,ACTIVE,SGD,2025-05-07T11:34:29Z
e89db722-aaf9-4180-a257-4dade6ceb549,45708205-3cb4-4478-a48a-62ee8100023c,WALLET,ACTIVE,SGD,2025-12-29T11:25:27Z
017135bb-04e4-4091-ad47-1afd292d3306,34327524-05a2-49ae-8ed4-a45e906e4120,WALLET,ACTIVE,USD,2025-05-11T01:28:44Z
d0568cb3-8d57-44b0-9840-3900fa2b86ae,6f8c2b7e-6e5e-47ef-bb42-19c7d8524de7,WALLET,ACTIVE,GBP,2025-08-15T09:38:34Z
65977063-bb6d-4e1b-aa9f-f55730aec0d5,2a8b2447-3523-494d-acef-7ea50c4ea874,CREDIT,CLOSED,SGD,2025-03-16T02:45:29Z
859fd283-4ac8-441c-8126-9e9a4e9c128b,8a1648b2-1e15-4898-a592-eba73059af57,WALLET,ACTIVE,USD,2025-12-15T03:13:40Z
9e823f79-a96d-42a0-b82a-d1c54d1e44e2,38b20ffd-ae02-4093-9f43-4c2b206bd33e,CHECKING,ACTIVE,USD,2025-03-15T00:32:01Z
c68f8e4d-acae-48bf-b755-be2db93c4b66,aab14c6f-47d7-4454-a273-ab83a72f9bb3,WALLET,ACTIVE,AED,2025-09-02T18:30:03Z
c576e553-d1db-4cf8-b0d2-ac4b59517975,39735253-dfa8-4178-9608-8c9e6665d224,WALLET,ACTIVE,AED,2025-06-30T05:06:39Z
28c7b11c-318d-4b1a-af05-3ca1a9db5f56,6de9927e-bc4a-4091-a35b-44053970ff81,WALLET,ACTIVE,USD,2025-06-08T11:27:48Z
8614ac72-7f70-4088-8aa9-25db6dbafc01,cfc9c20a-1ee2-4b6e-b096-37d07cd41fee,WALLET,ACTIVE,GBP,2025-04-30T05:17:57Z
0ffc0eb0-1ad8-471a-8ead-c9b828fdeada,2383c71a-7c1d-4944-a599-ca006e4e19ce,WALLET,ACTIVE,EUR,2025-07-07T18:08:56Z
354013c5-1d8f-48aa-ba59-2e75644df2b4,56edc2f6-e095-427e-b34c-7e1f9b4e85ff,WALLET,ACTIVE,INR,2025-05-14T08:53:41Z
0df4c9c4-7c09-43dd-97d5-fc307177a23d,b8fc8264-86a9-4c06-ac37-2dc8d10d9c55,WALLET,ACTIVE,USD,2025-10-07T02:16:30Z
065dc0f4-4074-4f07-a541-6b54b260f68e,0920c744-aa0c-44ad-928a-480900106785,CREDIT,ACTIVE,AED,2025-03-15T03:34:06Z
b95f92b8-f8cf-47df-a0ca-1efc1bff842c,2a8b2447-3523-494d-acef-7ea50c4ea874,WALLET,ACTIVE,USD,2025-09-26T02:24:02Z
9df32ca8-c8f9-42f4-834c-1f5619293f0d,36bae9dd-eda7-4903-879f-97f578f85641,CHECKING,SUSPENDED,AED,2025-05-07T10:38:33Z
171a8418-151a-4f92-9a08-bc8bb2c6038c,870858de-efe7-4cec-b073-d20d0b2c5a22,CHECKING,ACTIVE,EUR,2025-04-28T12:00:57Z
819a7d88-f0e4-4830-82ac-911d7546ba13,1329e6be-1932-4aa6-ad0c-e732afed087b,CHECKING,ACTIVE,GBP,2025-10-09T00:49:53Z
268c6c64-1341-4265-80ef-e3df1651ff0e,cfc9c20a-1ee2-4b6e-b096-37d07cd41fee,CHECKING,ACTIVE,EUR,2025-06-11T07:19:53Z
576c5e0a-c4ea-4b27-a49e-fe2257d3a0ab,67a2d2a2-2989-49d8-bf19-8629d6412397,CHECKING,SUSPENDED,EUR,2025-02-04T20:00:52Z
8f6694ff-626b-486f-a9e3-3bd99880989e,8544d66e-5947-4a8d-9ba1-5cb5417ae9fa,CHECKING,ACTIVE,USD,2025-02-28T21:52:12Z
edafbf3f-d1be-4878-9f9e-4e5bafda96da,45ded854-14a6-43e8-9aa0-f0cb427f2ec4,WALLET,ACTIVE,USD,2025-07-11T18:39:49Z
dc8d0c5d-d0b3-46c1-815b-8ec5a60b9a46,38df8922-357e-478a-b525-7ca955f60724,WALLET,ACTIVE,GBP,2025-12-25T00:20:31Z
b0bbe909-c8c1-49eb-aa36-e4e7717cf6c0,2ffd4905-0166-407f-8ad6-5ac4097cea80,CHECKING,ACTIVE,INR,2025-12-19T00:00:46Z
b41dd2a9-c101-4b19-be1c-3053e8566adc,1dfcd5b0-d2c5-464a-ab41-7357d4bd0f27,WALLET,ACTIVE,INR,2025-10-04T21:32:53Z
7ca8d33d-32b8-4b6d-8927-c36434ba0ef8,a76a07be-7d7e-4ffb-b8f8-3ed5f14fe3e2,WALLET,ACTIVE,SGD,2025-07-14T05:38:26Z
ebaaaff7-fb73-4720-bf92-42a38f522d19,76d6821b-8234-4145-8931-b106689692b0,CHECKING,ACTIVE,GBP,2025-12-26T22:42:09Z
fde3351b-d42d-4523-8d4c-97d40644ceb2,426a8641-b970-4166-a9be-9e93d3b3288a,CHECKING,ACTIVE,AED,2025-06-03T01:17:09Z
058590f5-5ccf-490b-9aae-d3d345842dc3,b8fc8264-86a9-4c06-ac37-2dc8d10d9c55,WALLET,ACTIVE,EUR,2025-12-23T17:57:10Z
08776b90-e24b-4c07-af61-8b4a9aa925aa,bff4a6fa-ba95-465d-bdd5-46ba6ed53abb,WALLET,ACTIVE,INR,2025-07-02T10:28:10Z
79a63df4-d36a-4521-b738-c5af5d9e73c1,b0c0e14a-a80a-45e9-8e38-f605064d9b3f,WALLET,ACTIVE,AED,2025-03-23T18:03:15Z
3c7b64c8-8d9e-49b9-a885-62f12263e44a,17a559a5-4797-477a-b390-7cf67183be12,CHECKING,ACTIVE,AED,2025-02-19T14:15:08Z
e943261f-a555-40d8-9f43-7e7e3bcef9fd,4dba5051-cf22-4f03-a02c-18a7180e161a,WALLET,ACTIVE,SGD,2025-07-26T23:54:51Z
df97d473-017e-48b2-91d0-0cfe431f9348,d5c2f596-ccc1-4c3f-b2a4-c11b88fc627c,WALLET,ACTIVE,GBP,2025-04-09T04:21:22Z
ab3e850a-b1cf-4d72-93c3-de1433e51021,7a64bcae-1e90-4bb6-b7b7-bdfe33d44574,CREDIT,ACTIVE,GBP,2025-11-10T23:46:43Z
bb89fd71-1725-4d5e-9579-42785f894a43,04ed8d62-7a10-4744-abf4-3bffea2e3ca1,WALLET,ACTIVE,SGD,2025-11-16T22:37:19Z
1bcd2b12-68d1-4a39-a561-cf5b153aa3e2,2932298a-eec3-4348-b6a0-fd862d2dc4db,CREDIT,ACTIVE,EUR,2025-09-19T03:25:25Z
2d9356ad-069c-44c8-a3e7-d64803764c6e,ec16ceaf-1838-4870-a1b0-70a63128a1c2,CREDIT,ACTIVE,AED,2025-10-17T17:10:46Z
0c66347c-761b-4f66-94d0-433220d90bf6,cbf060c9-307b-4006-8831-bca81c75a340,WALLET,ACTIVE,AED,2025-12-18T10:51:59Z
207fba9c-62b5-43d2-9221-a8783806bb11,996ce6a9-d85c-40e4-a7b9-922a7682262b,CHECKING,ACTIVE,GBP,2025-09-14T00:28:44Z
6d8382df-c876-4723-b5aa-f2d4ab8e1849,d0adc2ba-2cee-4671-ba56-223fac3f3133,CHECKING,ACTIVE,USD,2025-07-20T22:40:33Z
0eb671d7-37bb-4f7c-a955-9fa5d858cf30,a9b64773-2b75-494a-afaa-96cd8a52730e,WALLET,ACTIVE,AED,2025-02-05T09:00:31Z
8084cdc2-66d6-4efb-8f46-4665bd6a6a58,a1998981-1e18-4b69-9982-7e00d438d0d6,CHECKING,ACTIVE,INR,2025-06-23T08:42:52Z
61feba42-278e-42d8-b600-a69524cb0aaf,a73d8b65-3555-42bf-9faa-5aed7fafc95c,CHECKING,ACTIVE,USD,2025-12-17T14:28:02Z
a2393184-b650-46a2-88d2-42c8a7125f4d,3b099446-9a50-464c-bebf-a12ef98ec83a,WALLET,ACTIVE,GBP,2025-07-04T16:14:28Z
5eabd2c9-b809-49dc-bf35-7b0bd236e0d8,00f0de95-747d-4b93-9a6c-5ed6f4d9543e,WALLET,ACTIVE,SGD,2025-04-21T15:45:11Z
29a4ca9f-48a4-4320-9865-3dbdad6206f4,dadc0b69-2e33-431b-93af-f20bc8c3dfdf,WALLET,ACTIVE,GBP,2025-08-18T18:40:08Z
b8321bf1-a41f-4354-83d4-f5dbc5fecfa4,dc667235-85e0-4e5a-bff4-17639d9f1f5d,CHECKING,SUSPENDED,GBP,2025-08-27T17:45:22Z
42886fd9-75c0-40b5-b364-908b22f4f165,711f9f52-d693-451f-b0dd-f71532f6d359,CHECKING,ACTIVE,USD,2025-09-15T02:33:02Z
54a5d550-b377-49c0-a37b-026d560dd4ad,2fb5f85d-f4d1-40ae-a170-da0be4aded3c,WALLET,ACTIVE,INR,2025-07-01T21:57:28Z
0ba32ac7-87d8-4465-9c8a-204fad271ae7,7a64bcae-1e90-4bb6-b7b7-bdfe33d44574,CREDIT,ACTIVE,USD,2025-08-02T22:45:01Z
340ffa5f-c852-40b8-b695-1ad595e7c389,3fbc44cd-06af-46d4-b73b-c380f47b4a6b,WALLET,ACTIVE,SGD,2025-07-31T18:08:57Z
b3f0ef7f-fd6d-46c3-a5d4-39e32a84387a,0b690f58-71bc-41a2-89b6-161a2f130932,WALLET,ACTIVE,USD,2025-05-09T09:10:44Z
66d31098-73e5-4379-8368-642abc62241d,2a8b2447-3523-494d-acef-7ea50c4ea874,WALLET,ACTIVE,USD,2025-06-12T11:25:06Z
3849a41b-5620-4f3e-8102-0dbcc85049cc,4de33f8b-45dc-4362-b41c-f9a546019b53,WALLET,ACTIVE,USD,2025-01-13T23:04:50Z
61630c99-d54c-4c55-bdc0-4ba12d3842ec,c49fc3ed-7ee0-468d-8dd9-1bc782de7363,WALLET,ACTIVE,AED,2025-05-26T19:49:17Z
745dad02-3c78-4245-af2a-c8ffac687d7c,d949fa58-1d9f-4a45-a8c3-03040d15a279,WALLET,ACTIVE,USD,2025-11-29T19:37:19Z
deddec57-bea3-48fa-8335-6f161a967b21,e278bb49-34cd-42d7-a23e-542534ddec9d,CHECKING,ACTIVE,EUR,2025-05-27T23:32:46Z
17a3f5fa-f556-4bcc-bd64-1ee76acd8a71,41343714-a9a8-4130-9586-2f43b9439595,WALLET,ACTIVE,USD,2025-03-28T05:24:31Z
bc1fc4d4-6d9c-4327-9009-4471243ad880,a843e729-598c-412e-974a-680387f923d9,CREDIT,ACTIVE,EUR,2025-11-23T10:55:00Z
0ec58f32-94be-44a0-b059-388bdecc64cb,42ecb332-aa64-45fc-b4e8-9aaa545e6d23,WALLET,ACTIVE,AED,2025-11-25T13:42:03Z
07776013-ab28-4f79-b435-a6e10386b267,2d285ff5-8e8c-41eb-b1d8-0a551b70c1c5,WALLET,ACTIVE,SGD,2025-12-10T16:29:14Z
c779d01d-fca0-4a39-9b5b-5684bb41f1ec,34de705d-50e6-4ed5-9d67-be31d999ed85,CHECKING,ACTIVE,USD,2025-06-30T13:54:39Z
2c9492ac-04f9-44a8-b989-569a4220d7a4,9f03e2d8-ecda-49da-93d8-5ecfada4d655,CHECKING,CLOSED,SGD,2025-03-29T13:22:02Z
ef88d4fa-373a-4c64-ad52-26d0b480d6fc,4e026ce7-0a4a-4fc4-b670-3e2dd0192a8d,WALLET,ACTIVE,INR,2025-08-17T09:06:08Z
8f2b2011-c528-4665-84d6-d81a367a731a,b404c5fd-d830-4e50-b766-d1c9ad6a665a,WALLET,ACTIVE,INR,2025-10-16T09:32:47Z
4140bc1e-cb84-4ddb-9ca3-2b12b8c12cac,694adf2e-07b7-4150-8782-ccf9ef49e728,WALLET,CLOSED,EUR,2025-02-10T23:26:54Z
075d6b62-2adb-4058-9cec-fa45aeef97bb,6797727a-24e3-4b66-a406-6f5f67dfc77f,CREDIT,ACTIVE,AED,2025-01-11T01:23:50Z
bc7c10b9-ae54-46ec-84f1-9bcb396a7528,ef964017-77ef-49b3-9541-bfc270dcab1c,CHECKING,ACTIVE,USD,2025-01-27T19:24:36Z
8bd13ff5-6595-49c9-83a3-580e9bbc51c8,213e0996-7efc-45e5-a463-708c02bdd6d9,WALLET,ACTIVE,AED,2025-12-07T08:51:51Z
392c8c41-3086-45b6-ab4f-3642d97ddd48,68b7c9b8-242a-49a6-8d80-017be3f442fc,WALLET,ACTIVE,INR,2025-03-26T12:08:54Z
236af2c4-eabe-43f8-9320-95d69b3b0fd4,c2795436-537f-41fb-b604-ebcd6e8ee8ca,WALLET,CLOSED,SGD,2025-02-04T06:30:19Z
2d3c51d9-036a-4428-9009-022ca1d0e060,93562c12-4cc1-48a4-95ca-e285fd560184,WALLET,ACTIVE,AED,2025-09-03T00:43:11Z
7c147f6b-eab8-4bb4-8e78-9b1919fdadec,f3aebba1-2b2f-47fe-9213-9877b672ddd8,CHECKING,ACTIVE,GBP,2025-06-14T04:28:45Z
592afa25-23fb-4b31-95b9-274744eaadae,fbc261f2-cb9c-4adf-9efe-6a25dd2835d1,WALLET,ACTIVE,SGD,2025-11-26T00:44:31Z
9194f621-d9d7-4582-803b-4e5bc7041750,0e1b2b36-b43a-46c7-b56d-db53bc213ecd,CHECKING,ACTIVE,INR,2025-08-19T14:05:25Z
0f20c2e0-f939-4dea-8dbe-242e489fec97,264e7c8d-eb75-4ec5-8c91-39658ad09c01,WALLET,ACTIVE,EUR,2025-05-02T02:51:39Z
38629a66-c777-41fd-a3ea-8e7708dc91e8,597d2c6f-cd28-4665-b15e-44e66166148c,WALLET,ACTIVE,EUR,2025-06-29T04:33:50Z
3b8bf576-b3d4-48d4-9049-063555119263,776566a2-f452-40f8-a548-b165dc708677,CHECKING,ACTIVE,EUR,2025-01-22T17:21:52Z
e647ded7-2f4c-4c45-bfb7-6ad8a7e9f2c5,576a98b9-f424-47c8-bca9-451a64326b76,WALLET,ACTIVE,GBP,2025-02-02T22:03:52Z
b2effc6f-b29d-4340-a188-3f7ae3366a3f,5eef921b-10e9-43d9-94d1-4edf3323274a,CHECKING,ACTIVE,INR,2025-05-27T19:09:36Z
255ae6e0-2d34-4d44-af66-4bc0b4c597b0,31cdc325-fe13-46ed-8849-e346c2ebdbea,WALLET,ACTIVE,AED,2025-06-29T10:39:16Z
49bebe17-9e07-4f47-a92b-a36c38c8d6b1,56edc2f6-e095-427e-b34c-7e1f9b4e85ff,WALLET,ACTIVE,GBP,2025-01-27T20:26:08Z
fbaa48fb-d9c8-4432-b299-0a0df4cc76e5,17a559a5-4797-477a-b390-7cf67183be12,CHECKING,ACTIVE,AED,2025-11-05T07:16:50Z
8c2193e1-7639-4583-bac9-a46048283d1f,0adb0f35-9b25-4b65-ac23-010e0a6cdcb0,WALLET,ACTIVE,USD,2025-04-12T18:10:57Z
01f9dca7-c36a-4bd0-9167-d45e89d824a3,0bb164d0-7952-4419-b712-0b7219ab4d11,WALLET,ACTIVE,SGD,2025-01-28T14:59:16Z
be3084e9-1daa-4be7-b9d3-4f8ab8b11667,1cd2a3a6-bff7-442a-8063-d2cad0f2f0c5,WALLET,ACTIVE,SGD,2025-08-25T22:59:34Z
74dd570d-af02-48cf-8bab-a99b2af6dd1b,c170f479-ebd9-4f22-abbe-ac1cbb887db0,WALLET,ACTIVE,GBP,2025-03-05T17:08:35Z
6088643c-3b25-434b-855b-4ff2940e06ee,b5b63b0b-0ae4-4b85-bfae-6abc98db7c03,WALLET,ACTIVE,GBP,2025-08-24T14:50:05Z
939c26ae-453a-4d9e-9a9e-e385b4891f1b,e23bbd8e-7141-4517-82d5-cd8182afa1b2,WALLET,ACTIVE,EUR,2025-04-24T20:24:19Z
83d83744-d5be-4ddf-a087-d45460d617a9,c170f479-ebd9-4f22-abbe-ac1cbb887db0,WALLET,ACTIVE,USD,2025-02-19T10:06:34Z
53c42aba-b95d-4a06-8719-8e9502e90be1,2c168e04-adaf-47e4-9af5-862567c5b690,CHECKING,ACTIVE,INR,2025-01-02T12:53:24Z
4254342b-9d3e-4486-9af0-db756684f956,2ebe5b10-2f58-4391-b156-4cd9de2a32e8,WALLET,SUSPENDED,INR,2025-07-05T14:57:05Z
1cd8d51d-1687-4f56-b8ac-87ae26d50415,6f8c2b7e-6e5e-47ef-bb42-19c7d8524de7,CHECKING,ACTIVE,GBP,2025-09-25T02:30:53Z
65a05f84-057b-4569-afbb-331b2efc56cb,2fef2d49-694f-43e2-9aac-d9d75f81c713,WALLET,ACTIVE,INR,2025-11-26T20:43:45Z
88353575-de73-45f7-a4c0-c60f49c484f2,52f8a3a8-cd6c-4e02-a7fc-f05a557d0847,WALLET,SUSPENDED,USD,2025-02-06T22:42:28Z
f8737efe-6310-4efb-92b3-0bd9466d3ae5,dd95dbdf-10eb-43ef-b503-829d9d09ae43,WALLET,ACTIVE,INR,2025-01-08T07:45:39Z
af614905-4d65-42f7-8ac8-9aca82d7ef32,76b35c83-5ae0-4e09-b379-90992bcba59c,CHECKING,ACTIVE,EUR,2025-06-12T05:45:11Z
2748ed7c-11ad-4041-acf9-587216c06e2a,fa05b4d3-1c4f-450c-ac2e-3436535a8f2a,WALLET,ACTIVE,INR,2025-09-05T16:20:56Z
7e79bce1-3a5d-4333-846b-d80944903f35,e2b5c35d-3500-42b8-96f3-b1afb342a139,WALLET,ACTIVE,INR,2025-03-24T11:37:09Z
0c86a5e9-87ca-45bf-86c5-cad34d252ef9,5a4f5179-8ece-4891-be88-c163332773bb,WALLET,ACTIVE,USD,2025-11-23T02:50:57Z
1c3a74f0-ca1f-4769-9f01-4f55178e408d,11578513-6aa7-4202-9a2c-d59ef9262cf4,CHECKING,ACTIVE,INR,2025-09-13T03:05:24Z
ae51a38f-2664-4251-b3b1-46b8376c750c,9b4ac5d8-ea64-4d10-9372-f67e7477a4d7,CHECKING,ACTIVE,USD,2025-07-14T06:03:42Z
c2a9550c-ead0-44ad-9f94-38ec84c4c66b,51e62a37-d3dd-4e88-ae81-c78976e8dad2,WALLET,ACTIVE,INR,2025-03-09T18:32:04Z
024644e2-be49-441d-ad72-591c895f025c,063718d4-089b-4356-b978-a5614a09ce64,CREDIT,ACTIVE,EUR,2025-07-21T11:28:00Z
f434fc95-a3b3-4300-99bd-bdad1cf93cdc,a73d8b65-3555-42bf-9faa-5aed7fafc95c,WALLET,ACTIVE,SGD,2025-04-01T13:38:21Z
20b18182-52d4-452c-9d8e-03df9536f7d9,56edc2f6-e095-427e-b34c-7e1f9b4e85ff,WALLET,ACTIVE,SGD,2025-01-27T12:45:41Z
d8b8d3c3-81ed-4d0e-900e-bb1b1eb7fa23,de5158ab-d9a5-4391-86e9-3d403a887ae8,CHECKING,ACTIVE,GBP,2025-12-06T12:28:03Z
4d464063-ebd9-4ac4-9313-737cca5fe938,2df018fd-4472-4abc-b44b-906104e3166a,WALLET,ACTIVE,GBP,2025-03-31T14:16:46Z
c4fb259a-7349-4b3b-933f-8d041477425d,9e91f168-6fe9-4309-bc8b-9c0a1a0f1c1d,WALLET,ACTIVE,INR,2025-02-02T10:01:47Z
6435afbb-f90e-442d-ac59-3b326af80a89,c025536b-2d4a-4a31-bd08-bbf26b592b46,CREDIT,ACTIVE,EUR,2025-06-28T11:11:48Z
f2a4e1a7-9a66-4db1-85d4-2234755e5bbb,de9117a9-6870-4ea4-912a-1d49b80c4334,WALLET,SUSPENDED,USD,2025-12-06T12:11:51Z
33c0d10e-def1-4452-b44e-da2dafb7029c,e5424906-063e-4abc-bdc4-1bc792427a05,CHECKING,ACTIVE,GBP,2025-07-20T22:21:14Z
3151fa48-eab3-47ef-acc4-a79d174e5d05,9f33f760-c617-4744-ad7f-58d7cbd295bd,WALLET,SUSPENDED,SGD,2025-01-03T16:01:01Z
79fb4d38-1fd6-491d-ab02-b44b2c5b4691,8e8fcbba-7b6e-4c4b-9f12-0d398a22669f,WALLET,ACTIVE,EUR,2025-05-19T16:13:02Z
953bfaac-580d-428d-b0c3-12ed49890c98,591ffb25-2d05-4654-97ad-b02a318c6869,CHECKING,ACTIVE,EUR,2025-10-30T21:51:25Z
666b2558-7294-4678-9136-705e18587e50,38df8922-357e-478a-b525-7ca955f60724,CHECKING,ACTIVE,USD,2025-04-22T17:04:48Z
0ade35dd-390f-4362-852c-da65b3e8e28f,98e582e4-af26-4da1-b5d4-19f1a73984f6,CHECKING,ACTIVE,EUR,2025-10-09T05:30:00Z
2ab73006-faa4-49b7-8628-847aefaee97f,54249340-7acb-46a6-8bb9-f06bee9e9a89,CHECKING,ACTIVE,EUR,2025-09-15T04:10:51Z
f17b8be3-fcbd-4e3f-a4dd-15e6892998ca,012d454e-b9f5-4577-b6e5-6424103cb06c,WALLET,ACTIVE,INR,2025-04-12T19:58:02Z
c646734b-26c5-49c0-902e-adcfe053f06a,d0adc2ba-2cee-4671-ba56-223fac3f3133,CHECKING,ACTIVE,EUR,2025-12-07T08:32:28Z
40831e0d-dcfc-4605-9b9e-38bd9ba4baac,73207292-371e-44a8-bc49-c0d308b37c02,WALLET,ACTIVE,EUR,2025-05-20T08:10:52Z
e850cf3d-8db3-4072-879a-d1030d0188b1,7ce823b9-5729-484f-b061-d5eb935cc031,CHECKING,ACTIVE,INR,2025-12-11T17:48:32Z
2f85bd4d-8e40-4df0-b3b3-e9cdf476195b,5eef921b-10e9-43d9-94d1-4edf3323274a,WALLET,ACTIVE,AED,2025-07-22T03:13:47Z
d56ece77-8977-496b-b343-fc0e1411a2bc,63941474-e623-4b89-be07-62c7d27bbd7b,CHECKING,CLOSED,EUR,2025-03-27T15:49:37Z
7244851e-ac20-47b9-b9eb-037de3b06d84,2fef2d49-694f-43e2-9aac-d9d75f81c713,WALLET,ACTIVE,GBP,2025-06-15T22:26:25Z
6920c212-0091-48d2-9e32-2a5460046a9f,7d53ef55-56e5-4801-b86e-0755eea27a81,WALLET,ACTIVE,AED,2025-01-31T03:46:14Z
11583b3d-bea9-4f60-9224-eaa972b56d7e,360fa126-ff1f-4d6b-8812-07bb69abff3a,WALLET,ACTIVE,GBP,2025-09-29T07:59:20Z
6ce715ed-0ff9-47cb-bb2d-27eab086485c,38df8922-357e-478a-b525-7ca955f60724,WALLET,ACTIVE,AED,2025-07-05T19:11:35Z
c5191529-669a-45dd-be32-1e9f61dbe6bf,cad7888f-e8be-403d-96bf-359c610469d8,WALLET,ACTIVE,USD,2025-04-08T04:28:35Z
f3028331-6986-415c-abf0-44ff21666a50,97410089-000d-489a-b29f-e2c6ec7a8ac4,WALLET,ACTIVE,EUR,2025-04-22T20:15:14Z
d6001634-5ad3-4496-84d9-d77a366be77e,2df018fd-4472-4abc-b44b-906104e3166a,WALLET,ACTIVE,USD,2025-03-09T03:57:10Z
668948d2-f00b-4de8-a001-700e3ac1259f,8510f802-a81b-493b-97d2-5bac32e3b937,WALLET,ACTIVE,GBP,2025-09-07T02:34:00Z
675529e8-5c0d-49e1-b441-df4ad101ad46,a1998981-1e18-4b69-9982-7e00d438d0d6,WALLET,ACTIVE,EUR,2026-01-01T11:06:15Z
8ccb3049-d5b0-487f-9ee8-af1dbb9e0970,2e93143d-a837-47bc-a1b5-f9c97d48fa97,WALLET,ACTIVE,GBP,2025-10-05T11:30:38Z
31d2cdff-b016-4b43-8086-ece767a9eff8,9224337b-fe64-4727-a5db-f2a1f5b28630,CHECKING,ACTIVE,USD,2025-06-29T17:07:39Z
1993b435-a4a8-4c03-8975-138d27892b93,b59000b2-774d-4415-aacb-26b7e6c11b1f,WALLET,ACTIVE,USD,2025-03-21T07:04:27Z
5b7e04e7-535d-4b09-87ed-4130526618d0,7620ef51-2c0e-4926-bc34-ba1aca78eae8,WALLET,ACTIVE,INR,2025-03-03T09:19:17Z
7b5bd236-fed0-43a0-b342-f4e68c2d9c1a,6b5d1dd3-a387-42fe-8d68-38a45a92ea91,WALLET,ACTIVE,AED,2025-11-13T08:36:09Z
de844e2f-3d6b-44f8-8887-c98f621faca5,60bfb413-f522-409f-a730-65f4c74ecb5f,CHECKING,ACTIVE,GBP,2025-07-05T20:51:50Z
dac3661b-3f43-4fbb-9dae-26bd79e91b19,0a04bcb1-f774-4084-9000-dd747fe9aa36,CHECKING,ACTIVE,GBP,2025-10-07T20:21:41Z
4c15ea3d-8e63-4fb3-865d-b8c820cca06f,fa46e9f1-c76b-4519-b4f3-982ff24d707f,WALLET,ACTIVE,EUR,2025-05-01T12:35:37Z
e3b52302-8fb3-40e7-8f2b-03d404b13055,7eb2c7da-809b-478b-85d8-4be7bc001c01,WALLET,ACTIVE,INR,2025-11-03T18:03:59Z
4b37099a-ff37-44f2-8a62-d13b9067d2f9,6be8ec69-9c40-4e0a-a99d-6a5d78cbcec3,WALLET,ACTIVE,EUR,2025-05-07T14:41:03Z
2d89965b-c2de-4a6b-b181-31ee73ebe59d,ef5f55f9-43c9-47c1-b50e-8ed07dbcfa56,WALLET,CLOSED,GBP,2025-06-28T16:26:28Z
0d6dc659-6264-4cba-b238-3516dcb302a4,16ef0636-2adb-4082-afdf-16f448bc42c1,CHECKING,ACTIVE,SGD,2025-09-01T04:10:06Z
019ebc94-c57d-43fd-9e15-0d7a67de8f25,380ebdb9-b34b-4f73-a40a-a0039ccec9c4,WALLET,ACTIVE,AED,2025-12-05T05:51:27Z
e7d7f4e0-ddfa-49f9-8c30-3b5c45254f4a,51a3b757-c929-460a-baaa-337f9e45c4ff,WALLET,ACTIVE,EUR,2025-11-18T17:24:13Z
5fa5ad2d-6475-48de-a9ff-0e94de61e7f4,1676d26b-a2ad-4009-9526-b8ca7d2615af,WALLET,ACTIVE,SGD,2025-06-14T00:54:42Z
684083dc-49ef-486f-b39b-7568de28f8ba,a478798f-d5ea-4072-a2ab-a09f34fb3fb0,WALLET,ACTIVE,EUR,2025-11-19T02:34:35Z
6b69e9d4-2ad1-4b3f-9823-38907184875d,8544d66e-5947-4a8d-9ba1-5cb5417ae9fa,WALLET,CLOSED,EUR,2025-04-14T21:22:38Z
537071e7-2f02-45f5-952f-acae4cd7e180,7d8525b2-a1e9-4fae-8875-1b52c5dbd152,CHECKING,ACTIVE,SGD,2025-12-11T15:48:55Z
628aa1e5-e916-4bd0-aa87-e4527653fc3a,52f8a3a8-cd6c-4e02-a7fc-f05a557d0847,CREDIT,ACTIVE,INR,2025-07-10T20:34:52Z
c0d2e349-4604-4be7-90b1-b2dcd441520b,0a0098ca-2154-42ad-bc58-ee3a05057b6f,CHECKING,ACTIVE,USD,2025-06-05T08:49:02Z
6c5da403-b87d-4c82-bc05-2078cd053954,6c41bc0f-2a43-469f-bcdf-0a9b977eb40d,WALLET,ACTIVE,EUR,2025-04-15T17:33:16Z
b13c50bd-c9e0-4d66-95cd-aa06780ac0eb,9f03e2d8-ecda-49da-93d8-5ecfada4d655,CHECKING,ACTIVE,AED,2025-09-22T15:38:33Z
685ae0ee-3e28-4c36-a50b-303ec60ff13f,7084bb8e-8e20-4aca-a82c-0a951bbeaced,WALLET,ACTIVE,USD,2025-12-31T06:10:24Z
12a5f43c-05b4-4e2d-941e-f4d8eca1bfea,6f8c2b7e-6e5e-47ef-bb42-19c7d8524de7,WALLET,ACTIVE,AED,2025-11-27T01:40:00Z
08a597bf-e1c0-4bd5-9976-2c489be7f58a,9b8e5bc7-1f92-4869-883e-32088426b5c0,CHECKING,ACTIVE,USD,2025-06-28T08:39:46Z
1f057c67-7567-454a-bb08-c99f5b9a0c8b,7d8525b2-a1e9-4fae-8875-1b52c5dbd152,CHECKING,ACTIVE,AED,2025-10-10T05:42:22Z
9cf10eb1-6eaf-40a6-b607-4e3449fef74e,22683d3a-3940-4da9-b6e0-43e9d436fb88,WALLET,ACTIVE,USD,2025-01-11T12:36:32Z
f780738e-d123-4e23-a1a4-50493fae725e,fa1eaf74-5aa0-455e-a33a-fa3cf14815e0,WALLET,ACTIVE,EUR,2025-01-18T02:08:40Z
9ddb7e19-b1b3-4b17-91f3-d1589a56183a,5da734c4-a79c-45b0-ae88-95b59d111563,WALLET,ACTIVE,AED,2025-04-14T12:45:16Z
91d723b1-78d3-4289-8d23-d5843934782b,a2ad4907-add8-4314-805b-f4baed5caf32,CHECKING,ACTIVE,USD,2025-02-12T19:25:19Z
cce43dc9-f9a7-42b3-b1fe-e7105d85f382,7dcf477c-4195-4508-af38-b4a0c7752129,WALLET,ACTIVE,EUR,2025-09-05T14:53:51Z
fa6b9402-ee83-4e4a-ba4d-557314d56563,a715db3e-fc18-4c82-bad8-160477151f1e,CHECKING,ACTIVE,AED,2025-04-24T02:42:16Z
30663056-b73a-452c-a2d9-7b1c587db1c7,36b9f99a-4a15-48c8-9bd7-b9797c3c0f40,CREDIT,ACTIVE,AED,2025-06-13T00:49:12Z
1602da18-5490-4047-a75c-5feb0ebfcf64,67d77a3c-3f22-4abb-b714-b05f31b813c8,CHECKING,ACTIVE,EUR,2025-06-08T20:28:06Z
a3d656da-a953-4290-81a4-8b2f75f70b22,3abb80cc-5643-40cf-bb95-e89c4c3b317b,WALLET,ACTIVE,INR,2025-01-27T01:58:52Z
f4627c5e-2d89-46f2-882e-a0135e77d72d,d4e71cc2-e750-4018-990e-93866899b98c,CHECKING,ACTIVE,USD,2025-02-26T23:02:39Z
6f5306af-e944-4999-a090-86abf038cc12,54249340-7acb-46a6-8bb9-f06bee9e9a89,WALLET,ACTIVE,INR,2025-02-26T12:44:12Z
517c2359-8a8d-4a1f-a307-a6967b2f5927,39b139d3-3254-4174-9a70-7912dd877400,WALLET,ACTIVE,INR,2025-07-04T09:17:57Z
9896e8dd-48e3-49c8-ace7-2af0e255b4b7,a715db3e-fc18-4c82-bad8-160477151f1e,WALLET,ACTIVE,AED,2025-08-16T16:49:14Z
e104fdf4-9643-41d3-b3b2-44a5dbc79529,dc667235-85e0-4e5a-bff4-17639d9f1f5d,CHECKING,ACTIVE,EUR,2025-08-31T19:14:41Z
f42a459a-c82b-4642-9886-f3cd9dcff69d,3b90757b-5364-4dcd-8f4e-ab1d3f4f5793,CREDIT,ACTIVE,GBP,2025-09-29T09:27:08Z
95928c54-ec16-4c3e-9a44-274785ee4e99,b404c5fd-d830-4e50-b766-d1c9ad6a665a,CHECKING,ACTIVE,SGD,2025-09-09T10:50:24Z
d6401ba8-aa3d-4392-9e55-1764d20f3201,00f0de95-747d-4b93-9a6c-5ed6f4d9543e,CREDIT,ACTIVE,SGD,2025-04-21T12:02:37Z
f8ae74eb-eb35-408d-9df6-1f8c5dd4be52,3c1020ea-2500-43e1-b8d7-72b03a3ee749,WALLET,ACTIVE,SGD,2025-10-10T09:24:22Z
c8e25a27-ef5d-4839-a040-63dca5cead51,71b0557f-8843-4cb6-bc97-60e78456fdca,CHECKING,ACTIVE,SGD,2025-08-29T07:05:21Z
59b39c92-446a-4a2b-b2ac-84b7ee8b99c9,3fbc44cd-06af-46d4-b73b-c380f47b4a6b,CHECKING,ACTIVE,SGD,2025-01-20T19:57:56Z
9f3a8d78-2b91-4af6-8b26-cf761e25167f,6edde37c-c47a-423e-9bd5-d4e29f2e0c6b,WALLET,ACTIVE,GBP,2025-06-23T18:43:23Z
e24fc43a-c6c4-44b7-aa8a-0076df62aaa3,d949fa58-1d9f-4a45-a8c3-03040d15a279,WALLET,ACTIVE,GBP,2025-07-16T07:28:14Z
facfd99d-05b6-4359-8c19-5e9570a2ac33,35cfdf66-d424-4d2d-a8b5-8108e06860f2,CREDIT,ACTIVE,AED,2025-01-03T00:37:55Z
53e07880-4759-473f-80c2-3b3cacb2ee18,d20d9848-4572-4f7f-bdfa-2c017bede1c0,WALLET,SUSPENDED,INR,2025-12-01T23:48:23Z
4d9b1353-ff28-44d3-8662-b3bf2b95ef34,6797727a-24e3-4b66-a406-6f5f67dfc77f,WALLET,ACTIVE,SGD,2025-12-03T19:18:18Z
9c9bb166-6f38-4327-92d1-ccb7355e2dfb,2d9e8894-b232-43f2-9e72-aa9d58d854ef,WALLET,ACTIVE,AED,2025-10-16T01:32:12Z
e24da59c-14e6-47b1-b70f-f71ef5e6b1e8,b8fc8264-86a9-4c06-ac37-2dc8d10d9c55,WALLET,ACTIVE,GBP,2025-10-23T23:22:56Z
9365310d-4e02-4dfd-b7cf-393eccf430c0,b938cbc9-668d-4097-bf8b-41f6ed7b1544,CHECKING,ACTIVE,INR,2025-04-16T21:56:25Z
06fa9f8c-ded2-497d-ad32-a84b67e77963,d96e6e14-0517-4be7-ad08-45d56b37cbeb,CHECKING,ACTIVE,EUR,2025-08-11T00:48:02Z
4200d07f-1eb9-4c42-bea6-b677bd93cc36,d38ce862-dea9-4304-8ac9-2ff578b031ed,CHECKING,ACTIVE,AED,2025-03-27T08:48:02Z
66c92c91-e930-4a31-b2ef-92ac8020ee37,4e1ef2d1-b866-4614-aa47-b7ea9ae11e84,CHECKING,ACTIVE,AED,2025-06-21T05:41:25Z
c7bd61e4-e5e4-4165-b416-8c5c46131b9e,cc3024ad-4981-4ea2-a312-193553cef8d0,WALLET,ACTIVE,INR,2025-10-11T02:41:55Z
330610a2-0ff8-4a9b-a40c-20d48f250f49,70b76019-a4e8-46b0-9627-7aaa5351f200,CHECKING,ACTIVE,SGD,2025-10-22T16:19:45Z
8d9d1745-0c01-403f-a44a-6ec800184405,b4fcb8a8-cd67-43fb-802e-17591d21ee79,CREDIT,ACTIVE,AED,2025-04-10T17:25:31Z
4f36ee5f-d602-40ee-821f-10505714487c,6c040c02-ddab-435f-8d9a-df48091fba4d,WALLET,ACTIVE,AED,2025-06-19T10:31:42Z
44da150a-d79d-409f-a6b6-09ff4cabe5e7,018f683a-3f87-4501-8117-40803c657294,CREDIT,ACTIVE,SGD,2025-05-03T16:27:15Z
b4bf0485-bf64-432e-89f8-998d5d1d8b1a,e5283402-1e61-4eb3-badb-398f09fbda39,WALLET,ACTIVE,GBP,2025-01-18T14:09:56Z
a13bddb1-6266-4d96-a8d7-04eaf68e5012,d44a7e29-9935-472b-8876-a2587c2b3d27,CREDIT,ACTIVE,USD,2025-05-05T13:55:26Z
6b1fb47f-42b5-4104-ab72-6067ab81308a,f51f9f56-b88d-422a-843e-7d0e5193da37,CHECKING,ACTIVE,AED,2025-04-20T08:46:32Z
83d9448f-9b8c-415e-8019-e2cf0ad9b16b,6c38bde4-1582-42cf-a2dd-c595d50f755b,CHECKING,ACTIVE,SGD,2025-10-16T13:29:06Z
d1d192a8-b8dd-427b-a847-7acf73aa4bc4,87e8033f-1e03-49af-b667-c6004c46f523,WALLET,ACTIVE,GBP,2025-06-05T20:51:20Z
15118db0-3917-4f72-9b11-53d7bd2e9d2d,f4386384-2c8b-4cc2-be8c-a5b98397a01b,WALLET,ACTIVE,AED,2025-04-05T13:08:25Z
40475a23-7354-4763-9f39-a3993072bb41,b1212a8c-a0dd-477b-a59a-5534ebb65054,WALLET,ACTIVE,AED,2025-12-11T04:15:46Z
dcffe18c-5a52-4ca8-990b-727f697b6c08,0e911b83-ad86-4bd0-94ec-e04a1913e360,WALLET,ACTIVE,EUR,2025-07-01T13:58:20Z
abe696aa-cf3d-4114-bbac-2ca65aec8cbc,1676d26b-a2ad-4009-9526-b8ca7d2615af,CREDIT,ACTIVE,AED,2025-02-27T08:36:45Z
85fd1523-438e-4824-a318-c59909505db3,295ab799-757c-45a1-b021-0d03ec391e3e,WALLET,ACTIVE,AED,2025-10-03T00:33:35Z
0ac43fc4-329a-4a2c-a8fe-ba75436fd323,42d3214a-19f7-4c82-8d13-aabe581c227e,CHECKING,ACTIVE,INR,2025-07-11T09:04:37Z
92b0d9b6-3eda-4696-97de-d7e2b8b59be6,3fbc44cd-06af-46d4-b73b-c380f47b4a6b,WALLET,ACTIVE,SGD,2025-09-28T18:25:04Z
731b04b8-c29f-473c-9e7f-98f9e0691fce,5030d768-38b6-428c-b463-859ff2033a79,CHECKING,SUSPENDED,EUR,2025-08-07T18:46:36Z
a043cbad-7e97-4872-859e-7f7310c5131d,a843e729-598c-412e-974a-680387f923d9,WALLET,ACTIVE,USD,2025-11-28T05:21:27Z
9dae008b-eeab-4152-9a7c-3d823376a019,d7eb46c7-7f1e-4589-94d5-d39eb1b5b5e6,CHECKING,ACTIVE,EUR,2025-05-25T08:56:31Z
fdbba967-0a87-4b99-9a76-32de9b16a2a5,4abc8cdf-7664-4431-b5f0-29800134840a,CHECKING,ACTIVE,EUR,2025-01-19T18:49:01Z
9bc7809a-ab78-4624-997d-da21e10a0beb,9dd14143-c631-4ae7-85ef-c631919846c7,WALLET,SUSPENDED,GBP,2025-04-20T19:05:26Z
235eb08f-65d3-442b-948d-9b87d8589cc3,d5c2f596-ccc1-4c3f-b2a4-c11b88fc627c,CHECKING,ACTIVE,GBP,2025-02-03T09:46:11Z
10dabbf7-3fed-4e5a-bffb-f6fe499168c9,bc3d8bfa-b8ac-4b03-ab0d-b612c2677cb6,WALLET,ACTIVE,GBP,2025-06-19T01:20:40Z
2e74801d-f4a8-4888-a252-17db2e164b8b,6f4bdef6-934d-49cb-8dfa-e27d7c467782,CREDIT,ACTIVE,SGD,2025-04-16T13:41:56Z
71c3e303-36aa-4f32-ae86-46f75f5fe0a0,4e1ef2d1-b866-4614-aa47-b7ea9ae11e84,WALLET,ACTIVE,USD,2025-07-01T02:55:24Z
0b664a65-3300-4942-aa6f-39dc5948e426,138d22e9-0123-4c67-ae21-51647ed564eb,WALLET,ACTIVE,EUR,2025-10-31T11:48:05Z
4498365f-a6c8-487d-abd8-fcce435f2c43,e2771317-6b5d-4f82-84ea-f20b66877da0,CREDIT,ACTIVE,SGD,2025-05-18T13:37:30Z
c1fb3aa0-2850-4fa5-8d20-74f03a30643e,ade91e39-e798-45f0-8fa2-b436f20bb47b,CHECKING,ACTIVE,USD,2025-03-03T22:27:53Z
36618b09-e9a9-4787-9d32-ec7339646e65,0920c744-aa0c-44ad-928a-480900106785,WALLET,ACTIVE,AED,2025-09-09T12:55:48Z
15053b03-a8d2-498b-ac6c-0b6fffbfff9f,ab077ca4-d851-4422-9389-ae259c0976f9,CHECKING,ACTIVE,EUR,2025-03-16T15:15:18Z
b14c0c3d-6225-456f-9a20-057a441a16d0,ee248569-bead-4487-ac78-9788aff9fbb8,WALLET,ACTIVE,AED,2025-03-12T04:05:08Z
db905ea6-b4d7-4afe-b4d7-709004edd4ab,c85e5af2-939d-4427-b8da-82516e224d18,WALLET,ACTIVE,INR,2025-04-18T13:52:48Z
5860b04f-5abf-4cfc-a27a-ed40217ff900,a76a07be-7d7e-4ffb-b8f8-3ed5f14fe3e2,WALLET,SUSPENDED,USD,2025-11-17T02:20:36Z
a6fa3a08-cfb0-4764-a0d6-e3ec34a657e5,73207292-371e-44a8-bc49-c0d308b37c02,CHECKING,ACTIVE,AED,2025-06-06T15:24:03Z
12410287-4c78-4276-9403-dd00a4b06b1e,9e91f168-6fe9-4309-bc8b-9c0a1a0f1c1d,CREDIT,ACTIVE,GBP,2025-06-25T04:17:13Z
b3112990-7eb9-40ec-80a1-e50258f9d969,2c168e04-adaf-47e4-9af5-862567c5b690,WALLET,ACTIVE,EUR,2025-05-02T02:40:57Z
89aa9582-6c5a-4731-91c0-82294a4b9f39,64da7b7b-9c7d-4fcf-98a6-24e69f621be4,WALLET,ACTIVE,INR,2025-01-04T01:09:02Z
51f7b6f6-624b-40f9-a9a2-659f16a507ba,3b099446-9a50-464c-bebf-a12ef98ec83a,WALLET,ACTIVE,GBP,2025-06-09T17:36:41Z
8450d2b7-da35-4d27-ac45-cb4baa50c3f2,f3273d70-099a-4e9a-b627-ffd78dce2e6d,WALLET,ACTIVE,INR,2025-04-12T23:02:16Z
68ffc8c9-6fa6-4db3-bbbb-f3a6061e601a,865c8629-eb45-464d-935a-7dd081f27bae,CHECKING,ACTIVE,EUR,2025-09-23T13:58:09Z
e5d47d21-0dde-4207-b2bb-49518bd04c96,3e746a5b-a81e-43b2-9e6a-1556fae67ab1,CHECKING,ACTIVE,AED,2025-08-03T22:48:19Z
da310be5-7ffe-4da6-9b8a-d9e2d465087c,b45bfcda-d8bb-4c87-920b-70d1970287d5,CHECKING,ACTIVE,INR,2025-07-04T16:09:09Z
23c6e1d4-1de4-48a7-bb90-c9e1958ff0af,213e0996-7efc-45e5-a463-708c02bdd6d9,WALLET,ACTIVE,GBP,2025-02-13T04:03:40Z
2a305237-d83f-43d2-a409-ae65d2647179,360d6e71-5ad2-4a8a-93fd-4c507e650d26,WALLET,ACTIVE,GBP,2025-02-12T12:08:46Z
34ce39dc-a52c-489b-be09-87dc0cdd5f88,9dd14143-c631-4ae7-85ef-c631919846c7,WALLET,ACTIVE,INR,2025-01-13T10:42:18Z
223f4099-b0f6-481e-b173-a84c2374d9f3,0e1b2b36-b43a-46c7-b56d-db53bc213ecd,WALLET,ACTIVE,USD,2025-11-10T11:09:13Z
0dc92a88-2fa8-4ac3-8f3c-13943a7b8dec,bc5fe860-eb44-4c69-a0a5-15896273f61f,WALLET,ACTIVE,USD,2025-05-05T05:56:39Z
d8ab462b-901f-4490-a438-fb5b48f51c21,76d6821b-8234-4145-8931-b106689692b0,WALLET,ACTIVE,SGD,2025-10-28T19:40:33Z
574ba5a8-53b2-4605-9fe1-14f170ce3193,c49fc3ed-7ee0-468d-8dd9-1bc782de7363,CREDIT,ACTIVE,AED,2025-07-04T14:28:00Z
99781d20-bd8d-45c1-a6fa-237c2e1117ad,36b9f99a-4a15-48c8-9bd7-b9797c3c0f40,CHECKING,ACTIVE,INR,2025-08-12T04:44:38Z
6b8d302d-857a-4fb1-8071-36bf5a6b4cf4,b45bfcda-d8bb-4c87-920b-70d1970287d5,WALLET,ACTIVE,EUR,2025-05-23T18:46:01Z
b4dfd4b1-c851-4ceb-ab07-5006e877f772,3c1020ea-2500-43e1-b8d7-72b03a3ee749,CHECKING,SUSPENDED,USD,2025-04-04T09:50:38Z
329586e9-3678-4dd8-969e-d94d8e4f906d,d44a7e29-9935-472b-8876-a2587c2b3d27,CHECKING,ACTIVE,USD,2025-11-18T06:45:23Z
4163172a-5d9c-41df-8062-84513b7b043b,a8bc534c-d10f-4d11-b1cb-8b10934fec40,WALLET,ACTIVE,GBP,2025-11-26T11:51:58Z
57b1d543-119a-4996-b5b6-7d189b4f697c,cbf060c9-307b-4006-8831-bca81c75a340,WALLET,ACTIVE,USD,2025-02-08T16:08:58Z
06025b66-3510-43f5-9e3b-e66aa5fffcb2,d4e71cc2-e750-4018-990e-93866899b98c,WALLET,ACTIVE,SGD,2025-11-09T20:04:10Z
f76eaa36-2592-4dcc-aa79-648c970ff5be,ff1e5966-a17d-4145-a9e2-12bb4b69a5ac,CHECKING,ACTIVE,SGD,2025-05-13T02:48:42Z
314f88c4-4006-4a33-9427-938517061375,426a8641-b970-4166-a9be-9e93d3b3288a,CHECKING,ACTIVE,SGD,2025-05-21T21:10:48Z
19251b8e-caba-4a86-8996-73f961c9c685,cee17c1d-7581-4f47-b480-8973240e77aa,CHECKING,CLOSED,AED,2025-10-07T09:04:05Z
243b1d30-4070-417a-ae14-f30bd6921f59,1d6f90cb-1d70-4217-b99c-0a96612a0860,WALLET,ACTIVE,AED,2025-02-03T06:32:36Z
209cb922-8f4a-4db9-a5da-886647467860,6f8c2b7e-6e5e-47ef-bb42-19c7d8524de7,CHECKING,ACTIVE,INR,2025-04-22T01:49:41Z
c1098f67-3736-4d09-9c37-b5c2ed9b2e57,9cc560b6-21b5-4f96-9afb-22c51c76762b,CHECKING,ACTIVE,INR,2025-09-06T23:27:40Z
35cdc1a3-38f5-46e2-8ee0-1d7bb92b898d,cbf060c9-307b-4006-8831-bca81c75a340,WALLET,SUSPENDED,USD,2025-02-11T00:03:17Z
b5edb6ca-bd8e-4b71-b6d9-ba9fb620d5d5,2d285ff5-8e8c-41eb-b1d8-0a551b70c1c5,WALLET,SUSPENDED,INR,2026-01-01T22:15:13Z
a36bcd52-c496-47f5-8ff9-33d123334539,664f03d1-a6eb-41d3-93c5-c1926b3ad18f,WALLET,ACTIVE,SGD,2025-09-11T22:01:46Z
e8a7ca4f-e57e-4a54-98de-27db4787e5e9,4169e8c0-b1bd-4f4c-91aa-14c319820523,WALLET,SUSPENDED,INR,2025-12-11T18:03:14Z
5f24bacb-1d6c-4275-96ed-b9584bf484c8,b8fc8264-86a9-4c06-ac37-2dc8d10d9c55,CHECKING,ACTIVE,EUR,2025-01-03T20:07:24Z
2de196a9-aabf-4cbb-9d1c-3337e214303b,2ae83654-042a-4c14-a023-a9087023a4d3,CHECKING,ACTIVE,USD,2025-04-14T11:52:10Z
e630502e-88a3-4b24-9012-f8eff6af334c,ab077ca4-d851-4422-9389-ae259c0976f9,CHECKING,ACTIVE,USD,2025-12-31T21:00:47Z
a0a45881-cc2f-4cde-af89-1316bfc8fd3c,4c188436-9bb5-4d15-aacb-91516cae6d41,CHECKING,ACTIVE,SGD,2025-03-20T01:04:18Z
0670f611-2dca-40ce-8c47-0b1f8ca16e3e,3e49c370-cd44-444d-a683-b030b1cbb3ca,CHECKING,ACTIVE,AED,2025-01-05T21:39:53Z
a919278b-e094-494a-9df9-cb32f6a77db0,22683d3a-3940-4da9-b6e0-43e9d436fb88,WALLET,ACTIVE,SGD,2025-01-23T23:21:42Z
cdba1991-22c2-4a0b-8773-125de58e949e,f4386384-2c8b-4cc2-be8c-a5b98397a01b,CHECKING,ACTIVE,EUR,2025-04-17T06:57:53Z
cade32ff-d7c2-4b44-b278-cc610b2dff4a,f3aebba1-2b2f-47fe-9213-9877b672ddd8,CREDIT,ACTIVE,USD,2025-01-23T08:01:06Z
2fa30f96-2036-42b8-a7cd-8f6841177a4c,f0a15e2f-e315-4906-9dfd-9a8d1af4cdee,WALLET,ACTIVE,USD,2025-07-05T20:12:58Z
f103d380-812d-4d5e-9b0f-29d1a4fcd26e,9e40cbb2-92f8-4909-b077-0439e8d9854d,WALLET,ACTIVE,GBP,2025-11-11T20:22:14Z
e653738c-81ad-41a5-8535-10ccedfccb6f,6a6b4cdd-2b84-49e2-818f-25f45c58f3cf,CREDIT,ACTIVE,SGD,2025-10-18T05:38:55Z
acf11ae8-66da-4194-86a3-fc5625636380,54c9f245-3de8-4cc9-b9bb-580cd56b251a,WALLET,ACTIVE,USD,2025-12-29T20:46:07Z
03ecfbe5-8234-4cdc-9992-80bed1235060,49716c66-3e7f-4591-ae65-128fdcacfe22,WALLET,ACTIVE,SGD,2025-03-01T15:51:09Z
df3d9742-0577-4321-8db2-fc12c0005f6f,fbb1702c-7a5a-4b41-8b80-e482cd3efc29,CREDIT,ACTIVE,AED,2025-02-23T02:43:20Z
8344fa6a-eea9-45ba-aa14-8a8b61227696,8169d0c5-69da-4e47-b47c-0e0413a0e600,CHECKING,ACTIVE,USD,2025-11-22T22:51:16Z
5f12424d-424d-421e-a475-d9c6cff40b9e,1a3739ee-f248-42d6-9439-5346fe40fa12,CHECKING,ACTIVE,USD,2025-10-24T07:57:20Z
9ad5c606-677b-4951-8379-067915f9bcff,9224337b-fe64-4727-a5db-f2a1f5b28630,WALLET,ACTIVE,GBP,2025-08-24T18:45:21Z
b36e7daa-2f74-4b08-9d90-ab31d2480235,e9e1a075-426d-4d1e-9134-5c01b8686585,WALLET,CLOSED,USD,2025-07-19T09:43:15Z
ecaa4cd4-2d7e-466e-bfc8-b44931a18086,3959e253-f64f-443c-8a59-d11b4b367e43,CHECKING,ACTIVE,INR,2025-01-31T23:45:33Z
ba97cba3-2d1f-4c7b-b5ab-6504479e62ef,b45bfcda-d8bb-4c87-920b-70d1970287d5,WALLET,ACTIVE,EUR,2025-07-19T13:39:23Z
81474862-56f7-4e82-bef5-78eb077d350c,ff1e5966-a17d-4145-a9e2-12bb4b69a5ac,CHECKING,ACTIVE,GBP,2025-09-05T03:50:03Z
560d4e42-2110-4f78-bc6c-3519702d6235,de9117a9-6870-4ea4-912a-1d49b80c4334,WALLET,ACTIVE,USD,2025-09-01T11:09:54Z
b2ff1304-b32b-4126-a229-22ce831e8484,5fde62f9-3123-4a08-8de3-7e190302c477,WALLET,ACTIVE,AED,2025-07-25T08:09:57Z
1c2fa6b8-5860-4e67-86be-cb854c7b4f31,41343714-a9a8-4130-9586-2f43b9439595,WALLET,ACTIVE,EUR,2025-05-12T17:46:25Z
bb892b30-bc13-4ad7-b3a9-1187146197e1,b855bd0b-8e24-4776-bef4-ce3cc16d0ec9,CHECKING,ACTIVE,SGD,2025-08-29T08:48:10Z
8479c593-bae6-4d6d-8560-bec3aa4889c7,648c4c1f-7947-44da-a992-c01508088215,CHECKING,ACTIVE,EUR,2025-02-04T15:54:26Z
04f5fa35-c132-4a28-a1d3-3b233cff3881,8169d0c5-69da-4e47-b47c-0e0413a0e600,WALLET,SUSPENDED,INR,2025-01-01T14:09:59Z
9102fa25-feaa-4a43-b33b-c3ae72a717ca,c7f53840-e7ea-4b46-bed9-ca2925ab1687,WALLET,SUSPENDED,SGD,2025-02-23T07:41:34Z
eaddfb6a-01a5-47ab-9c81-aeab195638e8,04edc99e-5a95-45ab-bff6-1926bb674b49,WALLET,ACTIVE,EUR,2025-08-09T09:24:24Z
5f70c4a1-991e-44f2-b5d2-7236a9b2501a,2932298a-eec3-4348-b6a0-fd862d2dc4db,CHECKING,ACTIVE,AED,2025-01-13T16:01:20Z
32d56c5c-55d5-4caf-aea3-4420625530da,8923bb8c-ff24-48be-bcdc-8c26d0b18f0d,WALLET,ACTIVE,AED,2025-03-05T18:28:07Z
a3508827-1140-4f39-998c-3988bd61eb28,f0a15e2f-e315-4906-9dfd-9a8d1af4cdee,WALLET,ACTIVE,USD,2025-07-30T20:48:07Z
aad87d23-496b-4207-9830-00a1fa6fac8a,213e0996-7efc-45e5-a463-708c02bdd6d9,WALLET,ACTIVE,EUR,2025-06-30T20:55:40Z
59117bdb-2c70-4361-81a4-ff0e96a7b2d1,4e64fd8e-47f2-4aa8-ad00-5292a4ff68e0,CHECKING,ACTIVE,INR,2025-04-15T13:41:00Z
36858803-a26a-41be-954e-92bb2835e523,b855bd0b-8e24-4776-bef4-ce3cc16d0ec9,WALLET,CLOSED,AED,2025-06-13T08:45:02Z
90c13cce-778e-4bf7-9ea4-4729f899fee6,b29f3e4c-1204-4535-84d0-652f79bb29ea,CHECKING,ACTIVE,GBP,2025-11-14T06:52:07Z
8eefdea8-4354-477a-bbbd-d7306f35220e,31cdc325-fe13-46ed-8849-e346c2ebdbea,WALLET,ACTIVE,EUR,2025-09-08T19:45:33Z
955f6faf-0d96-440d-9405-4bed2f25d5c5,8544d66e-5947-4a8d-9ba1-5cb5417ae9fa,CREDIT,ACTIVE,EUR,2025-02-16T23:16:57Z
3c88b1a8-09bb-4c6f-8fcc-d91a8291622e,e22db194-fdc5-457b-b391-a26739284ff2,WALLET,ACTIVE,GBP,2025-01-29T02:16:06Z
16094f81-7fa0-4bf1-b86b-25d6fc690d6c,a22c08f8-21de-4374-a108-6e2791e722ea,WALLET,ACTIVE,USD,2025-04-30T20:06:15Z
495d78f0-44a9-4f98-acd0-566b6a92dd8c,cda18278-f6bb-4520-aa01-fd7dfcb421d0,WALLET,ACTIVE,USD,2025-03-09T15:30:40Z
6c781a7d-da49-4e2e-9096-daf2ee8a21ed,fa05b4d3-1c4f-450c-ac2e-3436535a8f2a,CHECKING,ACTIVE,GBP,2025-10-27T10:42:03Z
f39a32f8-8638-48f9-ba0b-0bc82f1dddeb,47d27e76-8414-44a6-b673-63fda627caeb,WALLET,ACTIVE,GBP,2025-08-26T10:09:03Z
0a74080b-e5a7-414b-a528-08a418215307,b93c472c-c992-4e6b-a4b2-9afbda3aaa73,WALLET,ACTIVE,GBP,2025-08-27T17:36:08Z
5cdb1258-31ec-4d46-94ea-e4effcca9deb,0e911b83-ad86-4bd0-94ec-e04a1913e360,WALLET,ACTIVE,EUR,2025-09-09T00:01:28Z
ff68ff93-1c7b-41e0-9689-107c633be544,cfc9c20a-1ee2-4b6e-b096-37d07cd41fee,WALLET,ACTIVE,AED,2025-06-28T14:52:11Z
25dcb4de-9a70-42ba-be36-414b8a9f87d2,6797727a-24e3-4b66-a406-6f5f67dfc77f,CHECKING,ACTIVE,AED,2025-12-07T20:00:47Z
7d33784c-a29b-4141-ab0c-0fb920928966,c3c7cef0-00be-44cc-a515-d1eb5120fdde,WALLET,ACTIVE,INR,2025-12-17T06:25:59Z
f096f7f4-6083-4212-be16-22692463ca5c,2ffd4905-0166-407f-8ad6-5ac4097cea80,WALLET,ACTIVE,USD,2025-01-02T05:43:15Z
d0f1025d-d924-4e96-aa2f-22c2d05d38cc,77fb0bf3-1c13-4d38-ae97-223c9438853f,WALLET,ACTIVE,INR,2025-10-05T15:14:18Z
eccdc225-41c2-442e-ad01-1f2023a9c728,6c38bde4-1582-42cf-a2dd-c595d50f755b,WALLET,ACTIVE,INR,2025-08-18T10:29:27Z
23033939-1814-4830-afef-15e0f9b8df91,4abc8cdf-7664-4431-b5f0-29800134840a,WALLET,ACTIVE,SGD,2025-12-03T21:02:09Z
967fbb03-faa6-4351-b98f-e017b607a04b,e2771317-6b5d-4f82-84ea-f20b66877da0,CREDIT,ACTIVE,USD,2025-02-23T09:56:31Z
a2f863dd-c1c8-47ac-a94a-0794f0ab057d,2ae83654-042a-4c14-a023-a9087023a4d3,CHECKING,ACTIVE,EUR,2025-09-01T04:39:03Z
c0061c4b-44a8-4728-a1bd-c1b60226340e,fa3788ff-47ed-43c6-a6cd-3ff964169e37,CREDIT,ACTIVE,GBP,2025-11-20T06:15:35Z
e93010b2-e079-478f-9756-638be6674958,34327524-05a2-49ae-8ed4-a45e906e4120,WALLET,ACTIVE,INR,2025-10-26T20:55:46Z
6173d02e-4c18-412e-b050-3bddff07c870,1031e95b-9f7d-4472-8728-ec8393849037,CHECKING,ACTIVE,USD,2025-01-27T10:29:15Z
134bebfa-efeb-4365-acfc-c2cf37f320e1,74bec54b-ebdd-4a1e-8948-a7faa6e10039,CHECKING,ACTIVE,SGD,2025-08-23T17:05:13Z
baa6f1e5-86a0-4529-bd43-47357f1ce051,c7f53840-e7ea-4b46-bed9-ca2925ab1687,CHECKING,ACTIVE,INR,2025-12-20T00:12:29Z
867b8e06-89c0-4ba2-8c8c-cd9da5ae8b62,a89e46ac-817b-4cff-bc75-cdbd57aaa5c2,WALLET,ACTIVE,AED,2025-09-04T05:28:18Z
80050cd0-58d8-4210-8315-0845a99d520b,cec350f8-d1f1-48d4-8915-446edc99b8e6,CHECKING,ACTIVE,AED,2025-06-17T11:54:56Z
34778dc9-d24a-4fa0-8d71-9ca72940e6d7,7a2e2bf1-0d7e-48cc-bf20-7461906dd4e6,WALLET,ACTIVE,AED,2025-02-02T17:01:23Z
3dfe118f-94d2-4c54-9c51-afe071dffa59,2ebe5b10-2f58-4391-b156-4cd9de2a32e8,WALLET,ACTIVE,EUR,2025-11-21T07:16:41Z
e8ad7fc2-73ba-4851-a142-c55de253c616,c934d8ec-68df-4de2-ab8f-ae1269882705,WALLET,ACTIVE,GBP,2025-10-22T16:39:58Z
1ee7aa56-b350-4b8a-91dc-4c36f6321e16,360fa126-ff1f-4d6b-8812-07bb69abff3a,WALLET,ACTIVE,USD,2025-11-29T09:00:13Z
003b57fd-be61-4991-9768-99479ff70a5d,17a559a5-4797-477a-b390-7cf67183be12,WALLET,ACTIVE,USD,2025-04-29T15:09:10Z
8f868f62-04a0-4163-895b-185ef830dfbe,5b907da7-547c-4edf-8af6-64ae770959d4,WALLET,ACTIVE,SGD,2025-04-25T15:54:40Z
2f158405-7b0d-41a8-8b89-3af01c75ad16,7eb2c7da-809b-478b-85d8-4be7bc001c01,WALLET,SUSPENDED,INR,2025-09-20T12:21:25Z
44366051-b379-4636-a7f6-9d3a9fba4892,42ecb332-aa64-45fc-b4e8-9aaa545e6d23,WALLET,ACTIVE,INR,2025-07-21T22:28:59Z
c8c19c9f-0c81-4ae1-aece-60fd80d0dc72,e2b5c35d-3500-42b8-96f3-b1afb342a139,WALLET,ACTIVE,GBP,2025-12-21T02:56:17Z
1b4bd5ff-fd2c-4509-bf6e-c10e228ff3d3,d6a9c0fa-4a0b-48c6-8d37-6bc719629fa5,WALLET,ACTIVE,SGD,2026-01-01T18:00:11Z
1f39a55a-0855-419e-a94b-7bf0731dd837,49716c66-3e7f-4591-ae65-128fdcacfe22,WALLET,ACTIVE,AED,2025-03-20T03:41:33Z
53ed6831-476f-42bc-b818-9f9b97b81358,4d6a5488-1248-489f-a637-bfc87462f0ae,CREDIT,CLOSED,INR,2025-11-01T13:40:03Z
56bc4c53-f27a-445f-bc50-5382d5d16016,0e911b83-ad86-4bd0-94ec-e04a1913e360,CHECKING,ACTIVE,GBP,2025-10-24T02:28:16Z
0a3cac7d-03cd-4f8d-9770-c1ad9c77bd1c,2a8b2447-3523-494d-acef-7ea50c4ea874,CHECKING,ACTIVE,USD,2025-05-30T17:32:28Z
a32dd876-d7df-4eaf-b690-ee5d20f27ff5,e278bb49-34cd-42d7-a23e-542534ddec9d,CHECKING,SUSPENDED,AED,2025-08-25T02:52:49Z
aeedee80-a222-4106-97a1-5f3514e07917,2f61fd2b-5620-47ba-9595-80004a511f6e,WALLET,ACTIVE,USD,2025-08-17T08:47:38Z
052712b6-057c-4ec5-b5cb-0c1ae0d3d1f8,648c4c1f-7947-44da-a992-c01508088215,CHECKING,ACTIVE,USD,2025-12-24T13:05:39Z
de968708-f800-43a7-9256-f01a3da2efda,41343714-a9a8-4130-9586-2f43b9439595,WALLET,ACTIVE,USD,2025-10-23T08:20:41Z
4f0a3a68-4150-4bed-9e34-f16e22cdea90,76b35c83-5ae0-4e09-b379-90992bcba59c,WALLET,ACTIVE,AED,2025-01-26T23:50:58Z
43ed41da-3718-44d9-b661-595ef98f1f35,7dcf477c-4195-4508-af38-b4a0c7752129,CHECKING,ACTIVE,SGD,2025-04-20T23:40:41Z
6cce2be4-e3c7-4d82-902e-ba7e198dff52,a3ef033c-fb6e-4274-90d6-4c74ea9da492,WALLET,ACTIVE,EUR,2025-04-09T03:18:44Z
e876a2cf-3d45-4949-81d1-f9ffa189cf12,0ef7e279-ae0e-4d6c-9339-543ba5d03249,CHECKING,ACTIVE,EUR,2025-03-15T09:43:54Z
515d3005-eb52-42f0-865e-bd494a4460d0,d30e4cca-f4a1-4094-ab0c-4a4108a08c2a,WALLET,ACTIVE,GBP,2025-09-02T08:38:15Z
5d6e3606-89ba-47a4-8b58-b74b60bd9075,dc667235-85e0-4e5a-bff4-17639d9f1f5d,WALLET,ACTIVE,SGD,2025-11-25T21:33:41Z
6d07482f-9850-4eb7-8300-453fb5e9b124,04edc99e-5a95-45ab-bff6-1926bb674b49,CHECKING,ACTIVE,INR,2025-12-28T07:26:29Z
1f825900-e2a9-41fb-a436-417d534eaa50,d949fa58-1d9f-4a45-a8c3-03040d15a279,WALLET,SUSPENDED,INR,2025-02-04T17:04:37Z
4e3c42d5-5d58-4c82-91a6-0a1648d3f751,fa05b4d3-1c4f-450c-ac2e-3436535a8f2a,WALLET,SUSPENDED,EUR,2025-05-26T20:24:04Z
9be0e6df-f4d2-467d-a857-519ac5252ad6,08bba20b-a3a1-435e-86b8-65827159a345,WALLET,ACTIVE,AED,2025-09-04T10:08:20Z
2c1ef9c6-a688-4bb1-99dd-43da347e93d3,0b073451-8125-49ef-9470-320ee99b737e,WALLET,ACTIVE,EUR,2025-06-29T18:59:42Z
6610fc14-e0d7-4a48-aa86-22c9ccd2354d,711f9f52-d693-451f-b0dd-f71532f6d359,WALLET,ACTIVE,EUR,2025-12-14T05:04:31Z
2695b03b-3dc8-4bdc-a599-9a84a6f53d5d,8eebf1e7-ffd7-4cdf-8c29-61c9287ddde2,CREDIT,ACTIVE,SGD,2025-11-23T06:32:35Z
591de9cb-4cd4-44be-9bac-1a623aa8f352,3b099446-9a50-464c-bebf-a12ef98ec83a,WALLET,ACTIVE,AED,2025-07-03T11:04:29Z
79789119-ae17-42b4-b9ca-ac9abd385bb3,cf8f707a-663b-4487-9e7d-4b57e34ec53d,CHECKING,ACTIVE,AED,2025-04-30T22:59:54Z
dbf32c0b-7f91-41ef-9fb1-e47e3506dba5,b5b63b0b-0ae4-4b85-bfae-6abc98db7c03,WALLET,ACTIVE,GBP,2025-11-03T00:43:31Z
daf15235-8ead-454f-9c47-078d0319623c,0bb164d0-7952-4419-b712-0b7219ab4d11,CHECKING,ACTIVE,EUR,2025-08-27T02:04:45Z
1280ec4c-b48d-41bc-bc3f-0b467ec4ed6d,588599eb-64fd-4aa2-a177-a3d41d0b081e,WALLET,ACTIVE,USD,2025-08-24T17:41:24Z
ef3b4ff1-fea4-4eb1-80ea-4b46f26b7853,e3445603-9e63-4e0a-8c0f-6c945ae09ee3,WALLET,ACTIVE,EUR,2025-03-06T21:58:42Z
af4356ca-1047-41ce-9ae8-340a37b57ace,8923bb8c-ff24-48be-bcdc-8c26d0b18f0d,CHECKING,ACTIVE,USD,2025-03-20T13:43:13Z
10349536-2196-4559-a5a1-f5eca054a750,b938cbc9-668d-4097-bf8b-41f6ed7b1544,WALLET,ACTIVE,USD,2025-11-19T14:34:36Z
32c4bcd3-280f-4dc9-a888-02bea6586604,060132ed-b9d1-4ec4-875b-16c2d86a819d,WALLET,SUSPENDED,USD,2025-01-02T15:02:02Z
801e3339-e8a4-4fde-b2ae-be040f2dd99e,6f35f163-1356-417d-a58d-f36dde826cf6,WALLET,ACTIVE,INR,2025-09-22T18:13:43Z
6c748d61-5d40-409a-99cc-148778dde4a7,ebf67910-70b7-435b-b20e-e944e02cf472,CHECKING,ACTIVE,AED,2025-08-05T08:26:35Z
118f359c-e486-4c12-bdcc-50e771490689,0f1114b5-d5f5-4127-b2c1-89fc52158c3b,WALLET,ACTIVE,EUR,2025-11-20T14:01:41Z
94ceb7eb-c314-4429-8b26-d4933d951c0c,3abb80cc-5643-40cf-bb95-e89c4c3b317b,CHECKING,ACTIVE,EUR,2025-01-10T14:03:57Z
20c167f6-733b-4762-88b1-ed897cf1caf2,45ded854-14a6-43e8-9aa0-f0cb427f2ec4,CHECKING,CLOSED,EUR,2025-04-20T05:44:02Z
47c38e56-92c4-4a22-86c2-2fb0c9bb5eb4,1f498fff-119f-48db-9bba-7d6d9e53a0c6,WALLET,ACTIVE,AED,2025-12-06T18:02:08Z
09ecc0b5-7df3-4028-914b-13d4ca03fd26,3f6fcf3b-27bb-4bc2-97c9-af415f099e78,WALLET,ACTIVE,USD,2025-09-06T12:18:09Z
d8222199-55d3-4ca6-bd38-9207b86e8186,00322aa9-28da-4956-8224-972797640266,CHECKING,ACTIVE,AED,2025-10-16T16:40:29Z
6e31b3c7-af82-43ef-8b09-d0abfc526372,cc3024ad-4981-4ea2-a312-193553cef8d0,CHECKING,ACTIVE,USD,2025-09-05T00:58:37Z
f0b36b9d-b362-498b-b21d-f662adef154e,c49abd55-ebdd-4433-89df-4d855a74f19b,WALLET,ACTIVE,EUR,2025-10-23T23:09:39Z
d408e3df-a51c-4214-bdc9-0b3e4ba5cf29,b27c2244-18a7-4a4d-be7c-33ff07db3782,WALLET,ACTIVE,EUR,2025-02-11T06:59:21Z
1486ad13-fffb-4179-9af5-beeda7e50008,8e8fcbba-7b6e-4c4b-9f12-0d398a22669f,WALLET,ACTIVE,AED,2025-04-04T11:33:27Z
13cd3319-2696-4474-bba6-1a898cfd6c82,2eacfd28-1fae-4b0a-b4cb-11eb592375cc,CHECKING,ACTIVE,GBP,2025-09-10T04:58:10Z
e35ec46c-5f92-4124-bb55-ca3c0e5a77f6,d44a7e29-9935-472b-8876-a2587c2b3d27,CREDIT,CLOSED,EUR,2025-02-21T16:38:13Z
1200f7f4-ed34-484e-a149-b03efe776f39,d54f4a3b-5890-4ed7-be97-d819032c3e2c,WALLET,ACTIVE,EUR,2025-08-21T18:51:42Z
f3a9d7b4-2747-4cab-8fc1-00ff832d13e6,45959276-b429-4720-b8fe-8abae785c94a,WALLET,ACTIVE,INR,2025-01-06T12:21:52Z
e4e0519f-90d9-49cb-a392-24d11742e895,7ce823b9-5729-484f-b061-d5eb935cc031,WALLET,ACTIVE,USD,2025-02-24T12:09:09Z
be111bb8-040e-4633-87af-96498249e5a8,d4e71cc2-e750-4018-990e-93866899b98c,WALLET,ACTIVE,AED,2025-10-16T17:15:28Z
6633aa78-df35-4358-92bb-d7c8435231b6,c170f479-ebd9-4f22-abbe-ac1cbb887db0,WALLET,ACTIVE,SGD,2025-07-21T19:17:08Z
500c11f0-e1cd-4d5f-8197-1cf78185db65,ca48675f-e42d-4b5d-a221-06677c12e398,WALLET,ACTIVE,GBP,2025-05-03T04:22:11Z
175f4783-4548-4df5-b643-f2e83d9571f4,45708205-3cb4-4478-a48a-62ee8100023c,WALLET,ACTIVE,INR,2025-02-16T09:32:54Z
3b1729a7-a01c-4552-82b9-1ecb0f90bc37,4e026ce7-0a4a-4fc4-b670-3e2dd0192a8d,CHECKING,SUSPENDED,INR,2025-04-14T15:33:40Z
f782b196-50f6-4d8f-b98c-c56267b28efd,9576f186-1e23-4f01-86ec-bf31ab6103f3,CHECKING,ACTIVE,SGD,2025-06-01T10:06:27Z
81b01af1-4235-4daa-afc4-b7f03ff0c095,17c8e027-9b30-4c85-a967-37e909ddf5fd,CHECKING,ACTIVE,USD,2025-07-24T01:06:42Z
08d4bfaa-f14d-4fc4-ae06-e0cdb9d2114d,0e1b2b36-b43a-46c7-b56d-db53bc213ecd,CREDIT,ACTIVE,USD,2025-08-12T18:47:43Z
c7c4dfe9-8097-41a0-a717-42cea690c6aa,ad89ff8c-cc49-442b-8f58-59adb85dbd86,CHECKING,ACTIVE,INR,2025-10-27T21:20:19Z
7efdc873-3129-424d-9a06-2d1248e071de,035a4047-1221-448d-a931-5f86cd3b1926,WALLET,ACTIVE,INR,2025-11-27T11:13:53Z
049ad150-bf59-47fe-b07e-337dd5dffc1d,648c4c1f-7947-44da-a992-c01508088215,CREDIT,ACTIVE,USD,2025-11-14T21:46:28Z
3d2364cb-74d6-48e1-9664-31456350e208,aab14c6f-47d7-4454-a273-ab83a72f9bb3,WALLET,ACTIVE,AED,2025-04-05T19:45:37Z
ddc122ff-6fe6-4e11-8a1c-f20477e7e31b,16ef0636-2adb-4082-afdf-16f448bc42c1,WALLET,ACTIVE,EUR,2025-02-26T08:50:42Z
be393952-86d1-4595-bd42-083cf3ae40ff,9ded66a6-22b3-4ebe-808f-d0dd48441a0b,CHECKING,ACTIVE,GBP,2025-05-28T11:19:56Z
5fd8a61f-ec0d-4938-a8f8-d137497a13e4,2932298a-eec3-4348-b6a0-fd862d2dc4db,CREDIT,SUSPENDED,USD,2025-03-25T19:22:50Z
e6019be4-8600-4e53-82c6-30fc138907f2,d30e4cca-f4a1-4094-ab0c-4a4108a08c2a,WALLET,ACTIVE,EUR,2025-06-18T06:25:36Z
1c03bf1f-a2c2-42c6-b0e8-7e9e75d07048,2df018fd-4472-4abc-b44b-906104e3166a,CHECKING,ACTIVE,AED,2025-05-08T09:19:25Z
33dd9779-4822-4c06-8d6a-d60fa1876f36,73207292-371e-44a8-bc49-c0d308b37c02,CHECKING,ACTIVE,USD,2025-09-24T05:45:40Z
15a391b0-b27a-4398-94d0-e631dfea8f8a,76b35c83-5ae0-4e09-b379-90992bcba59c,WALLET,CLOSED,GBP,2025-08-28T22:37:57Z
842bdbe2-6977-49bb-bb32-9ab7b36d15cf,daf5a35a-e555-420c-9a2d-b441ac70d0c5,WALLET,ACTIVE,GBP,2025-10-17T01:14:06Z
6733a387-449f-4809-8a67-91ae86435cfa,2fdeed9f-e218-42f1-a9a0-8a06f8728d9e,WALLET,ACTIVE,AED,2025-07-11T16:48:43Z
fee0a865-76a5-4336-9ee7-9eac4342eace,74bec54b-ebdd-4a1e-8948-a7faa6e10039,CHECKING,ACTIVE,GBP,2025-09-05T02:42:30Z
b810425a-7ff0-4d96-812b-b96173f38e77,7a2e2bf1-0d7e-48cc-bf20-7461906dd4e6,CHECKING,ACTIVE,GBP,2025-12-12T22:16:24Z
67cffcf8-39b4-4c62-b320-c23c9d829d21,c85e5af2-939d-4427-b8da-82516e224d18,CHECKING,ACTIVE,GBP,2025-08-18T10:19:11Z
4ed40f23-19c5-4baf-a894-f6a2fc042526,b45bfcda-d8bb-4c87-920b-70d1970287d5,CREDIT,ACTIVE,EUR,2025-08-09T19:37:33Z
97e93352-7bff-45a6-9b4c-c7a2569224af,51e62a37-d3dd-4e88-ae81-c78976e8dad2,CREDIT,ACTIVE,EUR,2025-02-10T02:59:48Z
067d2aa2-c2c4-4148-b9bd-ed7ce7b8c2d0,0f40c860-c97d-4641-aca8-bbec3c743254,WALLET,ACTIVE,GBP,2025-10-06T18:09:32Z
e4a7dece-d4ff-4b15-a893-0e89073262b3,16ef0636-2adb-4082-afdf-16f448bc42c1,WALLET,ACTIVE,EUR,2025-05-23T12:27:29Z
b6dcdd34-0655-4590-ab3a-b12680be12e8,ab1a5cab-d313-48e6-9972-28167ba5a4b2,WALLET,ACTIVE,EUR,2025-12-04T11:04:06Z
458dcfb7-d278-4208-8ea1-0cd01a686b19,bc5fe860-eb44-4c69-a0a5-15896273f61f,WALLET,ACTIVE,AED,2025-01-20T03:53:03Z
ffb35f72-1e23-4f3c-b537-f9ea4a7b9c33,6c38bde4-1582-42cf-a2dd-c595d50f755b,CHECKING,ACTIVE,GBP,2025-03-27T07:02:53Z
96ffeafe-92e3-44ff-b226-e069c7fef338,de5158ab-d9a5-4391-86e9-3d403a887ae8,WALLET,ACTIVE,GBP,2025-09-14T11:14:40Z
2f164a92-c0fa-433e-bb8e-b5ba250d7229,0bb164d0-7952-4419-b712-0b7219ab4d11,WALLET,ACTIVE,EUR,2025-12-19T22:42:31Z
2d7e1a7b-2732-4abb-acb3-b17f95f23675,0b073451-8125-49ef-9470-320ee99b737e,WALLET,ACTIVE,INR,2025-12-06T16:24:53Z
d27127a8-1ce0-4dd5-ae1a-8c22109046b0,34327524-05a2-49ae-8ed4-a45e906e4120,CHECKING,ACTIVE,AED,2025-06-22T12:21:26Z
e37c3be6-bd2a-4cd3-b519-c8897aa29f33,8b94bb65-066a-4ee4-9ad3-0e252ff97fd0,WALLET,ACTIVE,AED,2025-07-22T11:04:48Z
36212a7b-de71-46a6-9cd1-3dab5aad6271,7dcf477c-4195-4508-af38-b4a0c7752129,CREDIT,ACTIVE,SGD,2025-03-14T19:47:04Z
e8d70159-0b7e-480d-b11e-3b056046b506,e5a7f4e2-82d4-49ca-a255-5eea30adbfcb,WALLET,SUSPENDED,INR,2025-11-27T06:01:00Z
dcc465bb-551e-4387-8d55-fe739d7d9cb1,38b20ffd-ae02-4093-9f43-4c2b206bd33e,WALLET,SUSPENDED,EUR,2025-09-07T16:04:08Z
55d78b60-110e-49d4-86ee-42e52185a66f,97779614-becb-4573-8186-2cfa4f6b4e51,WALLET,ACTIVE,AED,2025-01-29T19:05:37Z
9858268e-7ede-48ee-8bcd-ae6b0dc215a8,c170f479-ebd9-4f22-abbe-ac1cbb887db0,WALLET,CLOSED,USD,2025-03-16T07:53:52Z
68bf524e-e164-48d9-b684-c0e8ef96c5d5,776566a2-f452-40f8-a548-b165dc708677,WALLET,ACTIVE,GBP,2025-09-29T04:34:23Z
aa0ea2d5-f366-4649-bcbc-2f1b2c6af577,a89e46ac-817b-4cff-bc75-cdbd57aaa5c2,CHECKING,ACTIVE,AED,2025-11-11T15:32:42Z
8496176f-cc8f-4f0d-bd18-28da4a565a27,664f03d1-a6eb-41d3-93c5-c1926b3ad18f,CHECKING,SUSPENDED,INR,2025-05-25T17:53:47Z
e04e1b0e-641b-47f6-9fd4-aa218f72c475,0beada7d-3a64-4305-be65-813254366d04,WALLET,SUSPENDED,GBP,2025-09-20T11:43:28Z
a42ce318-9299-47fe-8ec3-9756c217804e,74bec54b-ebdd-4a1e-8948-a7faa6e10039,CHECKING,ACTIVE,SGD,2025-04-25T03:43:43Z
9971dd69-226f-4b00-b25d-ef7c9ee2667f,2fb5f85d-f4d1-40ae-a170-da0be4aded3c,WALLET,ACTIVE,EUR,2025-06-22T03:12:38Z
886874eb-3c92-45af-aa18-5c6211e8c401,6ce6502e-5369-4513-88c8-2e2a1a536054,CREDIT,ACTIVE,GBP,2025-11-05T02:55:09Z
b40b66f2-39d5-488e-9de2-70abd1301b21,996ce6a9-d85c-40e4-a7b9-922a7682262b,CHECKING,ACTIVE,AED,2025-12-21T05:20:52Z
682081ca-d69d-4335-9b6b-779291a23f26,6f4bdef6-934d-49cb-8dfa-e27d7c467782,WALLET,ACTIVE,SGD,2025-05-10T18:01:00Z
c3ebadee-3c3f-4636-8c92-b0e0261dd98f,b0c0e14a-a80a-45e9-8e38-f605064d9b3f,CHECKING,ACTIVE,EUR,2025-12-17T08:12:28Z
69653d4b-130b-4f46-b327-087e77a3b53b,76b35c83-5ae0-4e09-b379-90992bcba59c,CHECKING,ACTIVE,EUR,2025-09-04T08:20:17Z
2d350b5a-d31e-41c1-a035-8ac1ffb05e1a,c74a5a09-4e19-467c-91cf-6bbc53708ec3,CHECKING,ACTIVE,AED,2025-12-30T11:15:11Z
14047101-ccaf-4ac6-b24a-64b5b9f05b41,776566a2-f452-40f8-a548-b165dc708677,WALLET,ACTIVE,SGD,2025-08-24T15:11:23Z
ef112bd5-0d86-42dd-8710-94836cf0e325,3e746a5b-a81e-43b2-9e6a-1556fae67ab1,WALLET,ACTIVE,AED,2025-09-20T02:19:18Z
3cb5cf13-1240-4d0f-a45d-0402bed79cde,373653bf-2e23-4253-b189-80931d138789,CHECKING,SUSPENDED,GBP,2025-03-03T15:46:52Z
795a7d27-56c6-496d-a130-a01565f17f0d,0afb5e2a-4c2b-4d57-8bcb-fc98c3bb5599,CHECKING,ACTIVE,USD,2025-12-06T05:51:27Z
74c6ed14-f688-4515-804a-9ccc19f96452,9d091e47-5571-4677-9f93-a37f92439e46,WALLET,ACTIVE,EUR,2025-03-21T08:31:42Z
1229d8d5-f8fb-41b6-bb9d-57c53571c889,08b2188c-0a7a-4c30-817f-ac789e6bf66e,CHECKING,CLOSED,INR,2025-03-29T11:24:16Z
4afd8620-3235-43aa-a14a-440d740c5e65,3458c6b8-4916-465c-aac5-3c55df06989a,CHECKING,ACTIVE,INR,2025-09-07T17:46:10Z
68dffad0-48ef-42ce-93fe-34a21f68ecff,9576f186-1e23-4f01-86ec-bf31ab6103f3,WALLET,ACTIVE,EUR,2025-10-11T00:31:12Z
3f1f2c8a-9b62-48f8-979e-a10a65afbd99,69a5c727-89d5-4ec4-a2cf-5d5f64b83057,WALLET,ACTIVE,SGD,2025-07-24T19:06:29Z
f0a67287-ec57-428b-80af-3286da85fcfb,dd95dbdf-10eb-43ef-b503-829d9d09ae43,CREDIT,ACTIVE,INR,2025-05-21T02:05:01Z
1679add0-cace-4245-b95a-e1655ce93986,45eb9b88-5f53-495b-b418-72eea9b5d033,WALLET,ACTIVE,SGD,2025-09-22T06:27:39Z
1483e5b1-6d6c-41b8-bef5-46e2eb515c12,a22c08f8-21de-4374-a108-6e2791e722ea,CREDIT,ACTIVE,AED,2025-11-25T10:49:54Z
af392ea2-5933-4dd4-89ad-23a99628cb5e,910d7c15-1d7d-4206-bac5-227b2d6ff3c3,CHECKING,ACTIVE,GBP,2025-07-04T08:09:35Z
0d769135-9c84-43c5-a6cb-a2a28a380516,a9b64773-2b75-494a-afaa-96cd8a52730e,CHECKING,ACTIVE,INR,2025-02-05T18:05:37Z
1ab8f4c2-2fb4-4eb3-9bc0-c012e2e6018f,45eb9b88-5f53-495b-b418-72eea9b5d033,CHECKING,SUSPENDED,GBP,2025-12-11T06:16:47Z
e3989b7a-0af3-4ba2-8e70-bed4a2f24ad6,8ae9c592-195e-4ab1-8674-5ba7ce812d91,WALLET,ACTIVE,SGD,2025-06-10T07:53:25Z
8d0bc3b9-3f25-4222-b703-4ef580cc7ad2,e5e366e4-2822-4b76-9b5f-a0787bb64d43,CHECKING,ACTIVE,AED,2025-12-30T18:20:56Z
52ea2441-deba-41cc-b504-16d2409db7ee,cf8f707a-663b-4487-9e7d-4b57e34ec53d,WALLET,ACTIVE,SGD,2025-07-18T02:09:27Z
395d5a21-40d8-4a9b-b129-34faa7040add,ef5f55f9-43c9-47c1-b50e-8ed07dbcfa56,CHECKING,ACTIVE,SGD,2025-10-13T03:38:13Z
4d691a1a-6154-4bbe-ad3f-81d030caaac1,b29f3e4c-1204-4535-84d0-652f79bb29ea,CHECKING,ACTIVE,SGD,2025-10-24T22:39:56Z
d494e650-efc1-4cd6-95e3-dc8e97b9bb96,b75ea1bc-f152-4731-9850-e703561e9c09,WALLET,ACTIVE,SGD,2025-08-14T10:24:25Z
85da6ae6-79a0-41f4-8faa-6c549dbc24ed,eca8ea68-ef21-48c2-a6b5-eabac152c6e8,WALLET,ACTIVE,INR,2025-07-19T00:22:05Z
de5c73e1-4759-46d9-adf3-fb32a47c0130,83d4ef72-a326-4ec9-817d-d31232bfbc07,WALLET,ACTIVE,GBP,2025-02-24T03:03:27Z
242e5aa9-c417-4c89-a197-2bc681570863,b45bfcda-d8bb-4c87-920b-70d1970287d5,WALLET,ACTIVE,SGD,2025-06-30T00:45:46Z
5dd6d2ed-b99e-4758-ba90-73d0a899d4e5,6797727a-24e3-4b66-a406-6f5f67dfc77f,WALLET,ACTIVE,AED,2025-04-23T17:48:22Z
98ac32e3-7abf-4db9-8c4f-7ed9ec44c34a,b4fcb8a8-cd67-43fb-802e-17591d21ee79,WALLET,ACTIVE,EUR,2025-12-02T18:31:16Z
45ed9f18-4eff-42f6-ba7e-fe890f55802b,68b7c9b8-242a-49a6-8d80-017be3f442fc,CHECKING,ACTIVE,AED,2025-08-19T19:11:52Z
bf306f17-fa42-49f8-883b-11287a2a4098,38df8922-357e-478a-b525-7ca955f60724,CREDIT,ACTIVE,SGD,2025-10-20T03:34:56Z
09f4626d-324a-4b69-931c-d3cf7a0e9d53,0f80295d-eca1-40eb-beb8-360f48109098,CHECKING,ACTIVE,EUR,2025-10-17T07:50:13Z
185a7257-4d67-4e0c-a4a6-3160011f596e,459dcafe-6e77-4054-b3f3-3156e756ed2d,CHECKING,ACTIVE,USD,2025-06-18T08:16:01Z
540fa779-f206-4ba9-96c9-2cb9a3631149,f9298a49-873a-46b3-89a1-21ad8f858a10,WALLET,ACTIVE,GBP,2025-03-02T19:02:26Z
85fad3d9-e461-4144-a98f-20a5b506f554,08bba20b-a3a1-435e-86b8-65827159a345,CHECKING,ACTIVE,GBP,2025-12-13T22:50:46Z
c41cad2c-4fb3-43c5-8137-8780432bf1f8,1a3739ee-f248-42d6-9439-5346fe40fa12,WALLET,ACTIVE,USD,2025-05-09T17:44:25Z
7596926c-d81f-430c-b425-d32e5e454690,ec16ceaf-1838-4870-a1b0-70a63128a1c2,WALLET,ACTIVE,USD,2025-09-22T10:30:33Z
4127af6b-965f-4f9a-b6e9-d2cb70a91df9,45708205-3cb4-4478-a48a-62ee8100023c,CREDIT,CLOSED,EUR,2025-08-25T07:23:44Z
fa8b8edb-4358-41a0-8728-fb9f80351081,1a3739ee-f248-42d6-9439-5346fe40fa12,CHECKING,ACTIVE,EUR,2025-01-05T17:15:52Z
0145616d-8de8-4231-92a0-951cde1badec,9576f186-1e23-4f01-86ec-bf31ab6103f3,WALLET,ACTIVE,USD,2025-02-14T23:47:00Z
e9572c5a-9492-4b89-93da-c64682aa3667,00f0de95-747d-4b93-9a6c-5ed6f4d9543e,CHECKING,ACTIVE,SGD,2025-12-15T07:38:06Z
6adf2a7d-1429-4ba4-a616-69687d2864d1,d652a72f-b4c4-4ef9-b507-d2a7315075ba,WALLET,ACTIVE,SGD,2025-05-22T22:48:06Z
64d4fc20-5e82-424a-a4da-7e751cf523d6,1cc299e1-536c-4c20-852f-acccb5874a2a,WALLET,ACTIVE,SGD,2025-10-18T21:53:16Z
1bb91423-c480-4437-87e3-4ddf9efbef78,a13b544a-e80b-4e7f-b81e-2ced81f95757,WALLET,ACTIVE,AED,2025-06-19T17:56:13Z
18f1450a-b5ef-4d9f-b3d8-0fb260c38fed,4265da29-26dc-4c03-b48a-fd9d938442c2,CHECKING,ACTIVE,USD,2025-01-07T04:53:42Z
d07a667e-962a-4ce9-8000-4f5dac8dd995,2fef2d49-694f-43e2-9aac-d9d75f81c713,CHECKING,ACTIVE,SGD,2025-01-24T16:45:23Z
91f2e3ad-9fc4-4b41-9071-50c23667a764,e0695479-6ba2-48c3-b58a-5b60224020fd,WALLET,ACTIVE,SGD,2025-05-01T02:31:12Z
db7e1147-b2d4-432d-a738-899c5cb8ba62,9224337b-fe64-4727-a5db-f2a1f5b28630,CHECKING,ACTIVE,AED,2025-08-17T15:57:32Z
c207c484-c2c2-4951-aec2-a0ee78ddc951,6d782a96-4f2b-4fd7-9e4b-e25b137c4083,CHECKING,ACTIVE,GBP,2025-03-11T11:45:33Z
ecf5c4ea-9ca0-4eeb-99e6-770f6b8b7d58,d7eb46c7-7f1e-4589-94d5-d39eb1b5b5e6,CHECKING,ACTIVE,EUR,2025-02-23T11:22:35Z
010e0d10-05fd-4a35-8882-6f00613184c0,c51b3702-0715-4674-9dd4-eca1b09d2a20,CHECKING,ACTIVE,INR,2025-08-14T20:37:07Z
9d857189-b285-414b-905d-36d73d53c677,0b690f58-71bc-41a2-89b6-161a2f130932,CREDIT,ACTIVE,SGD,2025-05-27T20:37:54Z
4a1ea1b3-529a-4ec4-8c4f-0a721354d75c,de244923-7248-4084-b32b-7aa21ba1f063,CHECKING,ACTIVE,USD,2025-05-28T23:28:50Z
06e57c6c-4e05-4b0d-a6b2-cb26ad9bb88e,8a1648b2-1e15-4898-a592-eba73059af57,WALLET,ACTIVE,SGD,2025-08-13T19:30:01Z
0c7e5bab-c776-4c0c-ada2-c988b27c6415,cba74de3-5988-4390-8fec-dca865f9ea99,CHECKING,ACTIVE,AED,2025-08-23T20:40:39Z
426f98be-59f2-489a-8725-007cd9d1289c,cda18278-f6bb-4520-aa01-fd7dfcb421d0,CHECKING,ACTIVE,EUR,2025-04-24T12:44:31Z
72fac7b1-a3f5-4485-a9b6-50c4b8ea9474,fc73af30-0066-46c0-92da-8acdcf8624c9,WALLET,ACTIVE,SGD,2025-06-26T16:09:02Z
e93ccca3-2350-4306-9dc1-5a8e709be44b,c025536b-2d4a-4a31-bd08-bbf26b592b46,CHECKING,ACTIVE,GBP,2025-03-15T00:03:57Z
340e2d27-54d2-4599-97b2-bdbf54ec4a0c,21d0c28b-e04c-42ca-a9d7-ba844327125e,CHECKING,ACTIVE,USD,2025-01-17T06:25:35Z
67e81d97-c95d-41a6-86a1-7c17d9b5bd97,b0c0e14a-a80a-45e9-8e38-f605064d9b3f,CREDIT,ACTIVE,USD,2025-01-19T12:53:34Z
81a6013e-fadb-4365-a321-20422336f9d3,2ebe5b10-2f58-4391-b156-4cd9de2a32e8,WALLET,ACTIVE,AED,2025-10-26T10:50:15Z
b2001960-2b94-4004-a827-d98fef4af683,17a559a5-4797-477a-b390-7cf67183be12,WALLET,ACTIVE,INR,2025-04-17T22:25:43Z
cad318c0-9084-4f2b-83b3-cf147ffc0cd8,588599eb-64fd-4aa2-a177-a3d41d0b081e,WALLET,ACTIVE,INR,2025-12-15T15:47:48Z
fab735c4-5f8b-4409-979d-ce3594c70d3a,c583f612-6ce1-4ed6-a0b6-43b109b9e4a6,CREDIT,ACTIVE,SGD,2025-08-06T11:08:35Z
eae79a4e-223e-4d54-b9cf-d76c6cd5d188,8b94bb65-066a-4ee4-9ad3-0e252ff97fd0,WALLET,ACTIVE,EUR,2025-11-01T00:09:11Z
df525075-c0c6-40f5-8325-bc4efd336bdf,0e1b2b36-b43a-46c7-b56d-db53bc213ecd,CHECKING,ACTIVE,INR,2025-10-10T15:30:57Z
a0371a9d-48e9-48ad-967a-2af4602279c9,c3cde390-08d4-4a70-84d3-236a12e77942,CREDIT,ACTIVE,EUR,2025-12-01T15:35:15Z
6be0adb1-10f1-4cb6-97fc-e0d602f6e9db,de9117a9-6870-4ea4-912a-1d49b80c4334,CHECKING,SUSPENDED,INR,2025-11-30T00:40:20Z
5acb75f5-dd34-4bff-a84e-ed22df316b66,325890e8-1009-4fda-8797-2623e336367a,WALLET,ACTIVE,INR,2025-09-15T20:03:34Z
f5c3032f-3b5e-42d0-a431-ead957503f3c,67d77a3c-3f22-4abb-b714-b05f31b813c8,WALLET,ACTIVE,EUR,2025-12-02T09:40:31Z
d06bca81-4d18-4f52-9cc7-5c9b2e499c49,035a4047-1221-448d-a931-5f86cd3b1926,CHECKING,ACTIVE,EUR,2025-09-23T14:13:01Z
1f0b963d-aaf3-4f15-a436-826739ae6dee,9dd14143-c631-4ae7-85ef-c631919846c7,WALLET,ACTIVE,EUR,2025-06-08T17:31:56Z
a3fd57ae-c0a0-48f2-bf80-93e577e519ed,47db7d92-bddf-40ad-b7f4-656b69357f65,WALLET,ACTIVE,GBP,2025-08-17T03:08:00Z
5ce3c99c-2502-4a43-80cc-6c1676b80a7d,c2795436-537f-41fb-b604-ebcd6e8ee8ca,CHECKING,ACTIVE,EUR,2025-03-06T11:40:46Z
2517f87f-bcb5-4731-8bcd-c726f271062d,2803b854-5280-4dff-9d1d-6ab05ff184fd,WALLET,ACTIVE,INR,2025-11-05T18:31:48Z
eea4e6e9-65f4-4212-a330-a95502f7f172,daf5a35a-e555-420c-9a2d-b441ac70d0c5,CHECKING,ACTIVE,EUR,2025-03-12T03:42:23Z
fb68fe0b-3022-4989-bc65-23e00034eb8b,c025536b-2d4a-4a31-bd08-bbf26b592b46,CHECKING,ACTIVE,GBP,2025-05-12T19:07:30Z
54ac5d8c-3bfc-452d-be7b-1b5e3bc7fb91,e9a7a5c9-47e4-497a-9786-0825a71839d1,CREDIT,ACTIVE,INR,2025-01-16T10:26:52Z
bb8601cc-1763-433f-8a00-003eef1c7ec8,45ded854-14a6-43e8-9aa0-f0cb427f2ec4,CHECKING,ACTIVE,GBP,2025-01-26T17:16:20Z
57163657-60c0-4089-9933-d402a4f13e80,148b01ae-e453-4271-8d5c-b85464e5ad89,WALLET,ACTIVE,AED,2025-01-03T14:44:53Z
3737de72-775d-42a6-9704-f36905d7aa64,2383c71a-7c1d-4944-a599-ca006e4e19ce,WALLET,ACTIVE,USD,2025-09-16T03:29:59Z
